time,open,high,low,close,volume,time_ct,date_ct,tod_ct,ret_1,mom,session_box_high,session_box_low,air_pocket_up,air_pocket_down,air_pocket_upper,air_pocket_lower,in_session,bar_index
2026-01-05 14:30:00+00:00,20000.0,20007.052024600227,19992.181109299767,20003.656604957054,211.0,2026-01-05 08:30:00-06:00,2026-01-05,08:30:00,0.0,0.0,20007.861675817745,19983.26932719358,False,False,,20007.052024600227,True,0
2026-01-05 14:45:00+00:00,20003.656604957054,20007.861675817745,19983.26932719358,19991.176795682168,233.0,2026-01-05 08:45:00-06:00,2026-01-05,08:45:00,-0.000623876400267398,0.0,20007.861675817745,19983.26932719358,False,False,,20007.861675817745,True,1
2026-01-05 15:00:00+00:00,19991.176795682168,20004.380564730804,19987.44742620924,20000.182210031846,97.0,2026-01-05 09:00:00-06:00,2026-01-05,09:00:00,0.00045046944668225564,0.0,20007.861675817745,19983.26932719358,False,False,19992.181109299767,20004.380564730804,True,2
2026-01-05 15:15:00+00:00,20000.182210031846,20015.433960015016,19993.77968904722,20011.46898662854,247.0,2026-01-05 09:15:00-06:00,2026-01-05,09:15:00,0.000564333688471752,0.0,20007.861675817745,19983.26932719358,False,False,19983.26932719358,20015.433960015016,True,3
2026-01-05 15:30:00+00:00,20011.46898662854,20015.745771106904,19981.55666313708,19988.05656436469,184.0,2026-01-05 09:30:00-06:00,2026-01-05,09:30:00,-0.0011699502060290579,0.0,20007.861675817745,19983.26932719358,False,False,19987.44742620924,20015.745771106904,True,4
2026-01-05 15:45:00+00:00,19988.05656436469,19994.171024437426,19968.351453114465,19972.430410282344,247.0,2026-01-05 09:45:00-06:00,2026-01-05,09:45:00,-0.0007817745578230229,-0.00015580469422848964,20007.861675817745,19983.26932719358,False,False,19993.77968904722,19994.171024437426,True,5
2026-01-05 16:00:00+00:00,19972.430410282344,19977.745753967778,19969.68719163316,19973.96449512035,140.0,2026-01-05 10:00:00-06:00,2026-01-05,10:00:00,7.681012307925172e-05,-0.0003121596057930942,20007.861675817745,19983.26932719358,False,True,19981.55666313708,19977.745753967778,True,6
2026-01-05 16:15:00+00:00,19973.96449512035,19981.657642680642,19967.923902250517,19970.16958401223,242.0,2026-01-05 10:15:00-06:00,2026-01-05,10:15:00,-0.00018999288343823917,-0.00017202230112376427,20007.861675817745,19983.26932719358,False,False,19968.351453114465,19981.657642680642,True,7
2026-01-05 16:30:00+00:00,19970.16958401223,19977.66767212946,19963.303911357005,19969.96797012218,180.0,2026-01-05 10:30:00-06:00,2026-01-05,10:30:00,-1.0095752527417012e-05,-0.0003001147671478632,20007.861675817745,19983.26932719358,False,False,19969.68719163316,19977.66767212946,True,8
2026-01-05 16:45:00+00:00,19969.96797012218,19974.85343269198,19954.793244540393,19959.731442991295,92.0,2026-01-05 10:45:00-06:00,2026-01-05,10:45:00,-0.0005125960715710587,-0.000415000655347697,20007.861675817745,19983.26932719358,False,False,19967.923902250517,19974.85343269198,False,9
2026-01-05 17:00:00+00:00,19959.731442991295,19974.254385919678,19951.818201974325,19970.28421868965,149.0,2026-01-05 11:00:00-06:00,2026-01-05,11:00:00,0.0005287032908480871,-0.0002835298284560972,20007.861675817745,19983.26932719358,False,False,19963.303911357005,19974.254385919678,False,10
2026-01-05 17:15:00+00:00,19970.28421868965,19984.83033065378,19965.494377952487,19979.617721914798,103.0,2026-01-05 11:15:00-06:00,2026-01-05,11:15:00,0.00046736957385973277,-2.143425872187521e-05,20007.861675817745,19983.26932719358,False,False,19954.793244540393,19984.83033065378,False,11
2026-01-05 17:30:00+00:00,19979.617721914798,19987.501453218174,19971.750220040354,19980.41009028553,240.0,2026-01-05 11:30:00-06:00,2026-01-05,11:30:00,3.9658835407241355e-05,5.6677631434221e-05,20007.861675817745,19983.26932719358,False,False,19951.818201974325,19987.501453218174,False,12
2026-01-05 17:45:00+00:00,19980.41009028553,19999.85250881251,19975.940634272367,19993.93698476915,131.0,2026-01-05 11:45:00-06:00,2026-01-05,11:45:00,0.0006770078503139931,0.00010260797520331711,20007.861675817745,19983.26932719358,False,False,19965.494377952487,19999.85250881251,False,13
2026-01-05 18:00:00+00:00,19993.93698476915,20006.373447843856,19987.17489186579,19999.547096876173,117.0,2026-01-05 12:00:00-06:00,2026-01-05,12:00:00,0.0002805906666254465,0.00024002869577159912,20007.861675817745,19983.26932719358,False,False,19971.750220040354,20006.373447843856,False,14
2026-01-05 18:15:00+00:00,19999.547096876173,20004.743430532566,19986.726671687702,19989.235587321575,173.0,2026-01-05 12:15:00-06:00,2026-01-05,12:15:00,-0.0005155871532814826,0.0003986660434109002,20007.861675817745,19983.26932719358,False,False,19975.940634272367,20004.743430532566,False,15
2026-01-05 18:30:00+00:00,19989.235587321575,19999.458102506167,19983.90281706075,19993.660596730562,152.0,2026-01-05 12:30:00-06:00,2026-01-05,12:30:00,0.0002213696161446066,0.00018980795458498623,20007.861675817745,19983.26932719358,False,False,19987.17489186579,19999.458102506167,False,16
2026-01-05 18:45:00+00:00,19993.660596730562,19997.389530415658,19975.3416467987,19982.154005520617,96.0,2026-01-05 12:45:00-06:00,2026-01-05,12:45:00,-0.0005755119806238884,0.000140607963041961,20007.861675817745,19983.26932719358,False,False,19986.726671687702,19997.389530415658,False,17
2026-01-05 19:00:00+00:00,19982.154005520617,19999.104768110166,19974.6057955173,19992.695409136304,218.0,2026-01-05 13:00:00-06:00,2026-01-05,13:00:00,0.000527540905388646,1.7573799835735037e-05,20007.861675817745,19983.26932719358,False,False,19983.90281706075,19999.104768110166,False,18
2026-01-05 19:15:00+00:00,19992.695409136304,19995.909836695057,19985.160799660764,19992.09629820447,223.0,2026-01-05 13:15:00-06:00,2026-01-05,13:15:00,-2.996649123965245e-05,-1.2319589149334399e-05,20007.861675817745,19983.26932719358,False,False,19975.3416467987,19995.909836695057,False,19
2026-01-05 19:30:00+00:00,19992.09629820447,19998.26508697738,19987.656125478716,19989.877949841924,206.0,2026-01-05 13:30:00-06:00,2026-01-05,13:30:00,-0.00011096126836607212,-7.443102072235419e-05,20007.861675817745,19983.26932719358,False,False,19974.6057955173,19998.26508697738,False,20
2026-01-05 19:45:00+00:00,19989.877949841924,19997.04226425188,19977.470581261237,19981.706795309077,184.0,2026-01-05 13:45:00-06:00,2026-01-05,13:45:00,-0.0004087646034333092,6.494156260727913e-06,20007.861675817745,19983.26932719358,False,False,19985.160799660764,19997.04226425188,False,21
2026-01-05 20:00:00+00:00,19981.706795309077,19999.169908396976,19979.414604475194,19996.377291373166,148.0,2026-01-05 14:00:00-06:00,2026-01-05,14:00:00,0.0007341963434042142,-0.00011953268765485525,20007.861675817745,19983.26932719358,False,False,19987.656125478716,19999.169908396976,False,22
2026-01-05 20:15:00+00:00,19996.377291373166,20002.06356981642,19991.86724384165,19994.52293758834,172.0,2026-01-05 14:15:00-06:00,2026-01-05,14:15:00,-9.273448674262941e-05,0.0001424089771507653,20007.861675817745,19983.26932719358,False,False,19977.470581261237,20002.06356981642,False,23
2026-01-05 20:30:00+00:00,19994.52293758834,19997.093512077718,19983.331169950376,19989.38300372238,168.0,2026-01-05 14:30:00-06:00,2026-01-05,14:30:00,-0.000257067091923191,1.835389872451021e-05,20007.861675817745,19983.26932719358,False,False,19979.414604475194,19997.093512077718,False,24
2026-01-05 20:45:00+00:00,19989.38300372238,19995.73729749201,19978.877851938654,19985.157401116525,108.0,2026-01-05 14:45:00-06:00,2026-01-05,14:45:00,-0.0002113923478813673,-2.70662214121975e-05,20007.861675817745,19983.26932719358,False,False,19991.86724384165,19995.73729749201,False,25
2026-01-05 21:00:00+00:00,19985.157401116525,19994.052070656104,19978.515077020016,19991.545111343163,93.0,2026-01-05 15:00:00-06:00,2026-01-05,15:00:00,0.0003196227129180773,-4.7152437315256536e-05,20007.861675817745,19983.26932719358,False,False,19983.331169950376,19994.052070656104,False,26
2026-01-05 21:15:00+00:00,19991.545111343163,20003.546079051735,19984.35237205483,19995.93044011553,123.0,2026-01-05 15:15:00-06:00,2026-01-05,15:15:00,0.00021935917148696582,9.852502595502078e-05,20007.861675817745,19983.26932719358,False,False,19978.877851938654,20003.546079051735,False,27
2026-01-05 21:30:00+00:00,19995.93044011553,20003.707679034913,19989.493851304673,20000.883231454685,157.0,2026-01-05 15:30:00-06:00,2026-01-05,15:30:00,0.000247689966415221,-4.442408428428913e-06,20007.861675817745,19983.26932719358,False,False,19978.515077020016,20003.707679034913,False,28
2026-01-05 21:45:00+00:00,20000.883231454685,20013.806364966236,19994.078001902046,20006.05308349078,107.0,2026-01-05 15:45:00-06:00,2026-01-05,15:45:00,0.00025848118686910837,6.364248220314117e-05,20007.861675817745,19983.26932719358,False,False,19984.35237205483,20013.806364966236,False,29
2026-01-05 22:00:00+00:00,20006.05308349078,20038.558159757737,20003.75930123184,20031.752854701226,98.0,2026-01-05 16:00:00-06:00,2026-01-05,16:00:00,0.0012845997710388968,0.00016675213796160104,20007.861675817745,19983.26932719358,True,False,20003.75930123184,20003.707679034913,False,30
2026-01-05 22:15:00+00:00,20031.752854701226,20037.314946728024,20023.46866360196,20026.87587450461,224.0,2026-01-05 16:15:00-06:00,2026-01-05,16:15:00,-0.00024346247839568402,0.00046595056174565387,20007.861675817745,19983.26932719358,True,False,20023.46866360196,20013.806364966236,False,31
2026-01-05 22:30:00+00:00,20026.87587450461,20033.571619132388,20014.9975751155,20020.72896175575,143.0,2026-01-05 16:30:00-06:00,2026-01-05,16:30:00,-0.0003069331825582555,0.0003533335234829016,20007.861675817745,19983.26932719358,False,False,20003.75930123184,20033.571619132388,False,32
2026-01-05 22:45:00+00:00,20020.72896175575,20027.49965078965,20003.814937189025,20010.963689016775,179.0,2026-01-05 16:45:00-06:00,2026-01-05,16:45:00,-0.0004877581009976595,0.0002480750526738573,20007.861675817745,19983.26932719358,False,False,20023.46866360196,20027.49965078965,False,33
2026-01-05 23:00:00+00:00,20010.963689016775,20026.031604464588,20008.93668826714,20018.355442087683,169.0,2026-01-05 17:00:00-06:00,2026-01-05,17:00:00,0.00036938516234297225,0.00010098543919128123,20007.861675817745,19983.26932719358,False,False,20014.9975751155,20026.031604464588,False,34
2026-01-05 23:15:00+00:00,20018.355442087683,20035.42340972337,20013.267666034986,20031.903109600335,204.0,2026-01-05 17:15:00-06:00,2026-01-05,17:15:00,0.0006767622621071112,0.000123166234286054,20007.861675817745,19983.26932719358,False,False,20003.814937189025,20035.42340972337,False,35
2026-01-05 23:30:00+00:00,20031.903109600335,20037.443564972484,20024.47201571229,20030.535740108477,205.0,2026-01-05 17:30:00-06:00,2026-01-05,17:30:00,-6.825958993394998e-05,1.5987324996968865e-06,20007.861675817745,19983.26932719358,False,False,20008.93668826714,20037.443564972484,False,36
2026-01-05 23:45:00+00:00,20030.535740108477,20033.106035293862,20018.276218650153,20020.453862384926,130.0,2026-01-05 17:45:00-06:00,2026-01-05,17:45:00,-0.0005033254154737099,3.6639310192043695e-05,20007.861675817745,19983.26932719358,False,False,20013.267666034986,20033.106035293862,False,37
2026-01-06 00:00:00+00:00,20020.453862384926,20026.15085658507,20006.151954451307,20010.560087796628,224.0,2026-01-05 18:00:00-06:00,2026-01-05,18:00:00,-0.000494183331522069,-2.639136391047181e-06,20007.861675817745,19983.26932719358,False,False,20024.47201571229,20026.15085658507,False,38
2026-01-06 00:15:00+00:00,20010.560087796628,20021.394949075082,20003.186278508325,20018.367201250527,143.0,2026-01-05 18:15:00-06:00,2026-01-05,18:15:00,0.0003901496719553865,-3.924182495929074e-06,20007.861675817745,19983.26932719358,False,False,20018.276218650153,20021.394949075082,False,39
2026-01-06 00:30:00+00:00,20018.367201250527,20032.6759549738,20012.337524397393,20027.286251304966,221.0,2026-01-05 18:30:00-06:00,2026-01-05,18:30:00,0.0004455433335184278,2.2871942655378065e-07,20007.861675817745,19983.26932719358,False,False,20006.151954451307,20032.6759549738,False,40
2026-01-06 00:45:00+00:00,20027.286251304966,20039.238685608834,20023.8603011248,20033.80410252463,148.0,2026-01-05 18:45:00-06:00,2026-01-05,18:45:00,0.0003254485474406543,-4.60150662911829e-05,20007.861675817745,19983.26932719358,True,False,20023.8603011248,20021.394949075082,False,41
2026-01-06 01:00:00+00:00,20033.80410252463,20038.60001344252,20018.701299259374,20025.817986037164,98.0,2026-01-05 19:00:00-06:00,2026-01-05,19:00:00,-0.0003986320544314692,3.272656118373796e-05,20007.861675817745,19983.26932719358,False,False,20012.337524397393,20038.60001344252,False,42
2026-01-06 01:15:00+00:00,20025.817986037164,20033.739712567047,20021.729797496708,20028.603921913967,209.0,2026-01-05 19:15:00-06:00,2026-01-05,19:15:00,0.0001391172075340119,5.366523339218609e-05,20007.861675817745,19983.26932719358,False,False,20023.8603011248,20033.739712567047,False,43
2026-01-06 01:30:00+00:00,20028.603921913967,20036.587691963694,20021.483853887104,20030.004151623656,85.0,2026-01-05 19:30:00-06:00,2026-01-05,19:30:00,6.991149833246446e-05,0.00018032534120340226,20007.861675817745,19983.26932719358,False,False,20018.701299259374,20036.587691963694,False,44
2026-01-06 01:45:00+00:00,20030.004151623656,20039.423883083473,20026.21048971694,20032.6284147844,211.0,2026-01-05 19:45:00-06:00,2026-01-05,19:45:00,0.00013101660593184405,0.00011627770647881785,20007.861675817745,19983.26932719358,False,False,20021.729797496708,20039.423883083473,False,45
2026-01-06 02:00:00+00:00,20032.6284147844,20048.038479413233,20027.0864932791,20043.08556011978,87.0,2026-01-05 20:00:00-06:00,2026-01-05,20:00:00,0.0005220056559158692,5.337236096150111e-05,20007.861675817745,19983.26932719358,False,False,20021.483853887104,20048.038479413233,False,46
2026-01-06 02:15:00+00:00,20043.08556011978,20051.366267354213,20038.703919713294,20045.768706705076,115.0,2026-01-05 20:15:00-06:00,2026-01-05,20:15:00,0.0001338689383552083,9.268378265654409e-05,20007.861675817745,19983.26932719358,False,False,20026.21048971694,20051.366267354213,False,47
2026-01-06 02:30:00+00:00,20045.768706705076,20061.50308687608,20042.119756400545,20053.91566946194,182.0,2026-01-05 20:30:00-06:00,2026-01-05,20:30:00,0.0004064180763565517,0.0001991839812138796,20007.861675817745,19983.26932719358,False,False,20027.0864932791,20061.50308687608,False,48
2026-01-06 02:45:00+00:00,20053.91566946194,20057.445019826813,20046.59632408891,20054.72661829581,240.0,2026-01-05 20:45:00-06:00,2026-01-05,20:45:00,4.043842844625445e-05,0.00025264415497838755,20007.861675817745,19983.26932719358,False,False,20038.703919713294,20057.445019826813,False,49
2026-01-06 03:00:00+00:00,20054.72661829581,20060.898672475487,20051.60105620417,20058.196051080085,149.0,2026-01-05 21:00:00-06:00,2026-01-05,21:00:00,0.0001729982587301837,0.00024674954100114557,20007.861675817745,19983.26932719358,False,False,20042.119756400545,20060.898672475487,False,50
2026-01-06 03:15:00+00:00,20058.196051080085,20068.297763861614,20055.68718153267,20065.77150979015,100.0,2026-01-05 21:15:00-06:00,2026-01-05,21:15:00,0.0003776739787950678,0.00025514587156081345,20007.861675817745,19983.26932719358,False,False,20046.59632408891,20068.297763861614,False,51
2026-01-06 03:30:00+00:00,20065.77150979015,20071.71868950039,20044.23407832061,20048.285639951882,119.0,2026-01-05 21:30:00-06:00,2026-01-05,21:30:00,-0.0008714277360197809,0.0002262795361366532,20007.861675817745,19983.26932719358,False,False,20051.60105620417,20071.71868950039,False,52
2026-01-06 03:45:00+00:00,20048.285639951882,20052.797289756625,20038.143750469742,20044.449585355593,232.0,2026-01-05 21:45:00-06:00,2026-01-05,21:45:00,-0.0001913407792157873,2.522020126165536e-05,20007.861675817745,19983.26932719358,False,True,20055.68718153267,20052.797289756625,False,53
2026-01-06 04:00:00+00:00,20044.449585355593,20051.095513852444,20031.960523868223,20038.80511350408,203.0,2026-01-05 22:00:00-06:00,2026-01-05,22:00:00,-0.0002815977474200926,-9.433156985281244e-05,20007.861675817745,19983.26932719358,False,False,20044.23407832061,20051.095513852444,False,54
2026-01-06 04:15:00+00:00,20038.80511350408,20044.832501983932,20023.14611910476,20031.13857932516,97.0,2026-01-05 22:15:00-06:00,2026-01-05,22:15:00,-0.00038258439739768946,-0.00015873880502608183,20007.861675817745,19983.26932719358,False,False,20038.143750469742,20044.832501983932,False,55
2026-01-06 04:30:00+00:00,20031.13857932516,20035.140405875132,20024.058699968373,20027.83687231044,145.0,2026-01-05 22:30:00-06:00,2026-01-05,22:30:00,-0.00016482872412104665,-0.00026985533625165645,20007.861675817745,19983.26932719358,False,False,20031.960523868223,20035.140405875132,False,56
2026-01-06 04:45:00+00:00,20027.83687231044,20053.16636732942,20023.38922060365,20045.776168045253,124.0,2026-01-05 22:45:00-06:00,2026-01-05,22:45:00,0.0008957180872397608,-0.00037835587683487937,20007.861675817745,19983.26932719358,False,False,20023.14611910476,20053.16636732942,False,57
2026-01-06 05:00:00+00:00,20045.776168045253,20052.351360927678,20032.565266988757,20035.386194656934,110.0,2026-01-05 23:00:00-06:00,2026-01-05,23:00:00,-0.0005183123517502608,-2.4926712182971045e-05,20007.861675817745,19983.26932719358,False,False,20024.058699968373,20052.351360927678,False,58
2026-01-06 05:15:00+00:00,20035.386194656934,20050.628744557493,20029.936963079195,20047.00553491203,223.0,2026-01-05 23:15:00-06:00,2026-01-05,23:15:00,0.0005799409176447945,-9.032102668986575e-05,20007.861675817745,19983.26932719358,False,False,20023.38922060365,20050.628744557493,False,59
2026-01-06 05:30:00+00:00,20047.00553491203,20051.19068701866,20018.825617429062,20026.81109765264,185.0,2026-01-05 23:30:00-06:00,2026-01-05,23:30:00,-0.0010073543015799435,8.198670632311166e-05,20007.861675817745,19983.26932719358,False,False,20032.565266988757,20051.19068701866,False,60
2026-01-06 05:45:00+00:00,20026.81109765264,20030.697737533865,20016.587191232087,20022.792477292813,110.0,2026-01-05 23:45:00-06:00,2026-01-05,23:45:00,-0.00020066201954138663,-4.296727451333915e-05,20007.861675817745,19983.26932719358,False,False,20029.936963079195,20030.697737533865,False,61
2026-01-06 06:00:00+00:00,20022.792477292813,20027.69118396582,20017.221200250333,20024.74551407407,190.0,2026-01-06 00:00:00-06:00,2026-01-06,00:00:00,9.754067937683963e-05,-5.013393359740714e-05,19976.22279863371,19940.887380311488,False,False,20018.825617429062,20027.69118396582,False,62
2026-01-06 06:15:00+00:00,20024.74551407407,20034.666882285637,20020.39129951654,20031.780182050385,150.0,2026-01-06 00:15:00-06:00,2026-01-06,00:15:00,0.00035129874541328654,-0.00020976941516999138,19976.22279863371,19940.887380311488,False,False,20016.587191232087,20034.666882285637,False,63
2026-01-06 06:30:00+00:00,20031.780182050385,20047.931665788154,20024.288389488673,20040.3149010079,90.0,2026-01-06 00:30:00-06:00,2026-01-06,00:30:00,0.0004260589363476175,-3.58471957372819e-05,19976.22279863371,19940.887380311488,False,False,20017.221200250333,20047.931665788154,False,64
2026-01-06 06:45:00+00:00,20040.3149010079,20054.462492053488,20035.33340143112,20049.835067830296,156.0,2026-01-06 00:45:00-06:00,2026-01-06,00:45:00,0.00047505075990184054,-6.66235919967173e-05,19976.22279863371,19940.887380311488,True,False,20035.33340143112,20034.666882285637,False,65
2026-01-06 07:00:00+00:00,20049.835067830296,20054.13498676696,20042.84416548344,20045.650366963317,111.0,2026-01-06 01:00:00-06:00,2026-01-06,01:00:00,-0.00020871497709695763,0.00022985742029963953,19976.22279863371,19940.887380311488,False,False,20024.288389488673,20054.13498676696,False,66
2026-01-06 07:15:00+00:00,20045.650366963317,20052.02848121538,20035.909874672143,20040.10214545134,121.0,2026-01-06 01:15:00-06:00,2026-01-06,01:15:00,-0.0002767793217186565,0.0002282468287885253,19976.22279863371,19940.887380311488,False,False,20035.33340143112,20052.02848121538,False,67
2026-01-06 07:30:00+00:00,20040.10214545134,20055.715814417945,20037.69914543825,20050.397856026426,229.0,2026-01-06 01:30:00-06:00,2026-01-06,01:30:00,0.0005137553940772754,0.0001533828285694261,19976.22279863371,19940.887380311488,False,False,20042.84416548344,20055.715814417945,False,68
2026-01-06 07:45:00+00:00,20050.397856026426,20058.014695947455,20044.890329901715,20048.10220412785,200.0,2026-01-06 01:45:00-06:00,2026-01-06,01:45:00,-0.00011449408211561263,0.00018587415830222386,19976.22279863371,19940.887380311488,False,False,20035.909874672143,20058.014695947455,False,69
2026-01-06 08:00:00+00:00,20048.10220412785,20054.784013091306,20030.687955561792,20032.79396824779,102.0,2026-01-06 02:00:00-06:00,2026-01-06,02:00:00,-0.0007635753112283927,7.776355460957785e-05,19976.22279863371,19940.887380311488,False,False,20037.69914543825,20054.784013091306,False,70
2026-01-06 08:15:00+00:00,20032.79396824779,20037.670185632538,20014.47484218075,20019.19452167975,224.0,2026-01-06 02:15:00-06:00,2026-01-06,02:15:00,-0.0006788592040429808,-0.0001699616596164688,19976.22279863371,19940.887380311488,False,True,20044.890329901715,20037.670185632538,False,71
2026-01-06 08:30:00+00:00,20019.19452167975,20023.452678520636,20002.35385265802,20008.16109424773,177.0,2026-01-06 02:30:00-06:00,2026-01-06,02:30:00,-0.0005511424258388686,-0.0002639905050056734,19976.22279863371,19940.887380311488,False,True,20030.687955561792,20023.452678520636,False,72
2026-01-06 08:45:00+00:00,20008.16109424773,20022.046812445922,20004.10133947346,20014.127023176377,228.0,2026-01-06 02:45:00-06:00,2026-01-06,02:45:00,0.0002981747748103114,-0.00031886312582971585,19976.22279863371,19940.887380311488,False,False,20014.47484218075,20022.046812445922,False,73
2026-01-06 09:00:00+00:00,20014.127023176377,20022.142693425245,20009.604732547345,20015.836132009223,207.0,2026-01-06 03:00:00-06:00,2026-01-06,03:00:00,8.539512269845062e-05,-0.00036197924968310867,19976.22279863371,19940.887380311488,False,False,20002.35385265802,20022.142693425245,False,74
2026-01-06 09:15:00+00:00,20015.836132009223,20031.82912421806,20008.080876372154,20024.121956258037,137.0,2026-01-06 03:15:00-06:00,2026-01-06,03:15:00,0.00041396343346167264,-0.00032200140872029603,19976.22279863371,19940.887380311488,False,False,20004.10133947346,20031.82912421806,False,75
2026-01-06 09:30:00+00:00,20024.121956258037,20026.83282772134,20012.48314577255,20018.994924502,170.0,2026-01-06 03:30:00-06:00,2026-01-06,03:30:00,-0.0002560427751707728,-8.649365978228297e-05,19976.22279863371,19940.887380311488,False,False,20009.604732547345,20026.83282772134,False,76
2026-01-06 09:45:00+00:00,20018.994924502,20028.000602870063,20013.74978468033,20020.89740079492,170.0,2026-01-06 03:45:00-06:00,2026-01-06,03:45:00,9.503355688411652e-05,-1.930374007841351e-06,19976.22279863371,19940.887380311488,False,False,20008.080876372154,20028.000602870063,False,77
2026-01-06 10:00:00+00:00,20020.89740079492,20034.226928826472,20017.190155544245,20028.404485522526,202.0,2026-01-06 04:00:00-06:00,2026-01-06,04:00:00,0.00037496244935097955,0.00012730482253675568,19976.22279863371,19940.887380311488,False,False,20012.48314577255,20034.226928826472,False,78
2026-01-06 10:15:00+00:00,20028.404485522526,20031.136015592536,20017.310346253245,20024.692327045883,122.0,2026-01-06 04:15:00-06:00,2026-01-06,04:15:00,-0.00018534469279996024,0.0001426623574448893,19976.22279863371,19940.887380311488,False,False,20013.74978468033,20031.136015592536,False,79
2026-01-06 10:30:00+00:00,20024.692327045883,20035.70317789639,20021.2817443446,20030.173629896573,136.0,2026-01-06 04:30:00-06:00,2026-01-06,04:30:00,0.0002737271944641684,8.851439434520714e-05,19976.22279863371,19940.887380311488,False,False,20017.190155544245,20035.70317789639,False,80
2026-01-06 10:45:00+00:00,20030.173629896573,20036.290208087205,20018.278462220675,20022.230518603774,121.0,2026-01-06 04:45:00-06:00,2026-01-06,04:45:00,-0.00039655728600096474,6.0467146545706284e-05,19976.22279863371,19940.887380311488,False,False,20017.310346253245,20036.290208087205,False,81
2026-01-06 11:00:00+00:00,20022.230518603774,20024.304334719105,20010.419483558453,20017.87387244499,130.0,2026-01-06 05:00:00-06:00,2026-01-06,05:00:00,-0.00021759045051128467,3.236424437966789e-05,19976.22279863371,19940.887380311488,False,False,20021.2817443446,20024.304334719105,False,82
2026-01-06 11:15:00+00:00,20017.87387244499,20022.599780216042,20008.1157653853,20013.293017717013,107.0,2026-01-06 05:15:00-06:00,2026-01-06,05:15:00,-0.00022883822513652952,-3.0160557099412343e-05,19976.22279863371,19940.887380311488,False,False,20018.278462220675,20022.599780216042,False,83
2026-01-06 11:30:00+00:00,20013.293017717013,20020.24541478419,19992.489034273436,19998.942941969945,86.0,2026-01-06 05:30:00-06:00,2026-01-06,05:30:00,-0.0007170272145801126,-0.00015092069199691417,19976.22279863371,19940.887380311488,False,False,20010.419483558453,20020.24541478419,False,84
2026-01-06 11:45:00+00:00,19998.942941969945,20008.558765891437,19993.39847320496,20004.78661173937,239.0,2026-01-06 05:45:00-06:00,2026-01-06,05:45:00,0.00029219893203280556,-0.00025725719635294464,19976.22279863371,19940.887380311488,False,False,20008.1157653853,20008.558765891437,False,85
2026-01-06 12:00:00+00:00,20004.78661173937,20009.537900230163,19993.23314840288,19999.153783656937,92.0,2026-01-06 06:00:00-06:00,2026-01-06,06:00:00,-0.00028157401484751876,-0.0002535628488392172,19976.22279863371,19940.887380311488,False,False,19992.489034273436,20009.537900230163,False,86
2026-01-06 12:15:00+00:00,19999.153783656937,20003.957597844077,19995.357483907846,19999.30371308167,230.0,2026-01-06 06:15:00-06:00,2026-01-06,06:15:00,7.49678843181556e-06,-0.000230566194608528,19976.22279863371,19940.887380311488,False,False,19993.39847320496,20003.957597844077,False,87
2026-01-06 12:30:00+00:00,19999.30371308167,20008.8842373372,19995.85548071191,20005.072672988543,80.0,2026-01-06 06:30:00-06:00,2026-01-06,06:30:00,0.00028845803782151513,-0.00018554874681990795,19976.22279863371,19940.887380311488,False,False,19993.23314840288,20008.8842373372,False,88
2026-01-06 12:45:00+00:00,20005.072672988543,20017.941698473995,20001.13771890553,20010.4310471009,212.0,2026-01-06 06:45:00-06:00,2026-01-06,06:45:00,0.0002678507696496357,-8.208949422829903e-05,19976.22279863371,19940.887380311488,False,False,19995.357483907846,20017.941698473995,False,89
2026-01-06 13:00:00+00:00,20010.4310471009,20025.103432621163,20007.4983977164,20018.415668408576,135.0,2026-01-06 07:00:00-06:00,2026-01-06,07:00:00,0.0003990229540222767,0.00011488610261765065,19976.22279863371,19940.887380311488,False,False,19995.85548071191,20025.103432621163,False,90
2026-01-06 13:15:00+00:00,20018.415668408576,20021.07919887455,20009.987956402718,20017.23384259446,168.0,2026-01-06 07:15:00-06:00,2026-01-06,07:15:00,-5.903693047892844e-05,0.00013625090701554487,19976.22279863371,19940.887380311488,False,False,20001.13771890553,20021.07919887455,False,91
2026-01-06 13:30:00+00:00,20017.23384259446,20025.216050541487,20008.454781250428,20012.15426284993,127.0,2026-01-06 07:30:00-06:00,2026-01-06,07:30:00,-0.00025376032395263426,0.00018075832388926295,19976.22279863371,19940.887380311488,False,False,20007.4983977164,20025.216050541487,False,92
2026-01-06 13:45:00+00:00,20012.15426284993,20019.429462995777,20005.82870795257,20011.197644319054,163.0,2026-01-06 07:45:00-06:00,2026-01-06,07:45:00,-4.7801876715047875e-05,0.000128506901412373,19976.22279863371,19940.887380311488,False,False,20009.987956402718,20019.429462995777,False,93
2026-01-06 14:00:00+00:00,20011.197644319054,20014.90109494624,19984.19778456071,19990.949631111558,156.0,2026-01-06 08:00:00-06:00,2026-01-06,08:00:00,-0.0010118341524273378,6.125491850506037e-05,19976.22279863371,19940.887380311488,False,False,20008.454781250428,20014.90109494624,False,94
2026-01-06 14:15:00+00:00,19990.949631111558,19997.971010589525,19966.881336786224,19973.58428144248,170.0,2026-01-06 08:15:00-06:00,2026-01-06,08:15:00,-0.0008686605683830839,-0.00019468206591033432,19976.22279863371,19940.887380311488,False,True,20005.82870795257,19997.971010589525,False,95
2026-01-06 14:30:00+00:00,19973.58428144248,19976.22279863371,19953.081568542722,19957.71188609423,146.0,2026-01-06 08:30:00-06:00,2026-01-06,08:30:00,-0.0007946693555146433,-0.00044821877039140644,19976.22279863371,19940.887380311488,False,True,19984.19778456071,19976.22279863371,True,96
2026-01-06 14:45:00+00:00,19957.71188609423,19965.706514477075,19940.887380311488,19945.74492416301,171.0,2026-01-06 08:45:00-06:00,2026-01-06,08:45:00,-0.0005996159278939261,-0.0005953452553985495,19976.22279863371,19940.887380311488,False,True,19966.881336786224,19965.706514477075,True,97
2026-01-06 15:00:00+00:00,19945.74492416301,19956.53632330033,19937.7767136694,19950.54221488369,220.0,2026-01-06 09:00:00-06:00,2026-01-06,09:00:00,0.00024051699943639093,-0.0006645163761868078,19976.22279863371,19940.887380311488,False,False,19953.081568542722,19956.53632330033,True,98
2026-01-06 15:15:00+00:00,19950.54221488369,19956.442964977043,19933.628881357497,19939.67646621937,153.0,2026-01-06 09:15:00-06:00,2026-01-06,09:15:00,-0.0005446342534096704,-0.0006068526009565201,19976.22279863371,19940.887380311488,False,False,19940.887380311488,19956.442964977043,True,99
2026-01-06 15:30:00+00:00,19939.67646621937,19942.219110581274,19928.250684912193,19935.1385155709,141.0,2026-01-06 09:30:00-06:00,2026-01-06,09:30:00,-0.00022758396587629903,-0.0005134126211529866,19976.22279863371,19940.887380311488,False,False,19937.7767136694,19942.219110581274,True,100
2026-01-06 15:45:00+00:00,19935.1385155709,19958.11145553771,19927.723191755584,19950.72925514433,102.0,2026-01-06 09:45:00-06:00,2026-01-06,09:45:00,0.0007820733004315628,-0.0003851973006516296,19976.22279863371,19940.887380311488,False,False,19933.628881357497,19958.11145553771,True,101
2026-01-06 16:00:00+00:00,19950.72925514433,19952.90325216356,19939.728548474217,19946.454087491595,141.0,2026-01-06 10:00:00-06:00,2026-01-06,10:00:00,-0.000214286284880294,-6.984876946238838e-05,19976.22279863371,19940.887380311488,False,False,19928.250684912193,19952.90325216356,True,102
2026-01-06 16:15:00+00:00,19946.454087491595,19958.749242661444,19943.34301142187,19955.3042743132,101.0,2026-01-06 10:15:00-06:00,2026-01-06,10:15:00,0.00044369724978610137,7.217159140338047e-06,19976.22279863371,19940.887380311488,False,False,19927.723191755584,19958.749242661444,True,103
2026-01-06 16:30:00+00:00,19955.3042743132,19958.1624055642,19938.727837750655,19944.100862153082,111.0,2026-01-06 10:30:00-06:00,2026-01-06,10:30:00,-0.0005614252735067771,4.785320921028013e-05,19976.22279863371,19940.887380311488,False,False,19939.728548474217,19958.1624055642,True,104
2026-01-06 16:45:00+00:00,19944.100862153082,19950.761469797235,19939.02424651478,19941.635611458667,241.0,2026-01-06 10:45:00-06:00,2026-01-06,10:45:00,-0.00012360801379085462,4.4495005190858804e-05,19976.22279863371,19940.887380311488,False,False,19943.34301142187,19950.761469797235,False,105
2026-01-06 17:00:00+00:00,19941.635611458667,19944.824836821943,19924.317814040358,19930.235346799742,95.0,2026-01-06 11:00:00-06:00,2026-01-06,11:00:00,-0.0005716815250788043,6.529019560794769e-05,19976.22279863371,19940.887380311488,False,False,19938.727837750655,19944.824836821943,False,106
2026-01-06 17:15:00+00:00,19930.235346799742,19937.69917616253,19918.43485331981,19926.166949888935,161.0,2026-01-06 11:15:00-06:00,2026-01-06,11:15:00,-0.0002041319051186985,-0.00020546076949412573,19976.22279863371,19940.887380311488,False,True,19939.02424651478,19937.69917616253,False,107
2026-01-06 17:30:00+00:00,19926.166949888935,19942.18826177439,19921.090557503136,19936.250647538425,221.0,2026-01-06 11:30:00-06:00,2026-01-06,11:30:00,0.0005060530545011321,-0.00020342989354180663,19976.22279863371,19940.887380311488,False,False,19924.317814040358,19942.18826177439,False,108
2026-01-06 17:45:00+00:00,19936.250647538425,19938.467623801393,19910.92496750291,19915.522802460117,242.0,2026-01-06 11:45:00-06:00,2026-01-06,11:45:00,-0.0010397062840332705,-0.00019095873259880047,19976.22279863371,19940.887380311488,False,False,19918.43485331981,19938.467623801393,False,109
2026-01-06 18:00:00+00:00,19915.522802460117,19922.768465187437,19913.307745951606,19920.735886182665,104.0,2026-01-06 12:00:00-06:00,2026-01-06,12:00:00,0.00026175982294085465,-0.00028661493470409914,19976.22279863371,19940.887380311488,False,False,19921.090557503136,19922.768465187437,False,110
2026-01-06 18:15:00+00:00,19920.735886182665,19925.89866091274,19912.97723904869,19923.588713410652,107.0,2026-01-06 12:15:00-06:00,2026-01-06,12:15:00,0.00014320892783725725,-0.0002095413673577573,19976.22279863371,19940.887380311488,False,False,19910.92496750291,19925.89866091274,False,111
2026-01-06 18:30:00+00:00,19923.588713410652,19929.22426447654,19913.84089783751,19916.45891394229,143.0,2026-01-06 12:30:00-06:00,2026-01-06,12:30:00,-0.00035785718983261106,-6.6563276774545e-05,19976.22279863371,19940.887380311488,False,False,19913.307745951606,19929.22426447654,False,112
2026-01-06 18:45:00+00:00,19916.45891394229,19923.267804807445,19896.8597451298,19899.10621968963,174.0,2026-01-06 12:45:00-06:00,2026-01-06,12:45:00,-0.0008712740717432554,-9.73083337173275e-05,19976.22279863371,19940.887380311488,False,False,19912.97723904869,19923.267804807445,False,113
2026-01-06 19:00:00+00:00,19899.10621968963,19903.40309070596,19895.6298200206,19899.971773782196,243.0,2026-01-06 13:00:00-06:00,2026-01-06,13:00:00,4.3497134142977956e-05,-0.000372773758966205,19976.22279863371,19940.887380311488,False,True,19913.84089783751,19903.40309070596,False,114
2026-01-06 19:15:00+00:00,19899.971773782196,19907.068226839736,19891.224678669918,19893.61786127343,115.0,2026-01-06 13:15:00-06:00,2026-01-06,13:15:00,-0.00031929253875306873,-0.00015613307533095532,19976.22279863371,19940.887380311488,False,False,19896.8597451298,19907.068226839736,False,115
2026-01-06 19:30:00+00:00,19893.61786127343,19898.75336745061,19888.88715421896,19896.40997580969,107.0,2026-01-06 13:30:00-06:00,2026-01-06,13:30:00,0.00014035227557562813,-0.00027234354766974,19976.22279863371,19940.887380311488,False,False,19895.6298200206,19898.75336745061,False,116
2026-01-06 19:45:00+00:00,19896.40997580969,19903.47798467782,19891.313449002148,19896.672201555968,123.0,2026-01-06 13:45:00-06:00,2026-01-06,13:45:00,1.317955081336919e-05,-0.0002729148781220658,19976.22279863371,19940.887380311488,False,False,19891.224678669918,19903.47798467782,False,117
2026-01-06 20:00:00+00:00,19896.672201555968,19923.460320832855,19892.796781861798,19915.89354825182,228.0,2026-01-06 14:00:00-06:00,2026-01-06,14:00:00,0.000966058369014533,-0.00019870752999286977,19976.22279863371,19940.887380311488,False,False,19888.88715421896,19923.460320832855,False,118
2026-01-06 20:15:00+00:00,19915.89354825182,19922.526198646447,19910.715517826695,19913.021280722143,85.0,2026-01-06 14:15:00-06:00,2026-01-06,14:15:00,-0.00014421986755042138,0.00016875895815868792,19976.22279863371,19940.887380311488,True,False,19910.715517826695,19903.47798467782,False,119
2026-01-06 20:30:00+00:00,19913.021280722143,19919.210005426015,19898.069708601186,19900.73931081068,144.0,2026-01-06 14:30:00-06:00,2026-01-06,14:30:00,-0.0006167808359323068,0.00013121555782000805,19976.22279863371,19940.887380311488,False,False,19892.796781861798,19919.210005426015,False,120
2026-01-06 20:45:00+00:00,19900.73931081068,19909.91849974209,19896.43228454274,19902.890618430156,100.0,2026-01-06 14:45:00-06:00,2026-01-06,14:45:00,0.00010810189440069173,7.171789838416043e-05,19976.22279863371,19940.887380311488,False,True,19910.715517826695,19909.91849974209,False,121
2026-01-06 21:00:00+00:00,19902.890618430156,19907.7714864351,19900.527447725195,19905.53057863782,106.0,2026-01-06 15:00:00-06:00,2026-01-06,15:00:00,0.0001326420497542724,6.526782214917315e-05,19976.22279863371,19940.887380311488,False,False,19898.069708601186,19907.7714864351,False,122
2026-01-06 21:15:00+00:00,19905.53057863782,19925.051522205016,19899.34144028416,19921.840829540703,235.0,2026-01-06 15:15:00-06:00,2026-01-06,15:15:00,0.0008193828764548883,8.916032193735379e-05,19976.22279863371,19940.887380311488,False,False,19896.43228454274,19925.051522205016,False,123
2026-01-06 21:30:00+00:00,19921.840829540703,19934.611706567513,19918.598706291552,19931.86216449168,80.0,2026-01-06 15:30:00-06:00,2026-01-06,15:30:00,0.0005030325779993294,5.9825223425424846e-05,19976.22279863371,19940.887380311488,True,False,19918.598706291552,19907.7714864351,False,124
2026-01-06 21:45:00+00:00,19931.86216449168,19941.17180314263,19928.049735078977,19936.144617201473,134.0,2026-01-06 15:45:00-06:00,2026-01-06,15:45:00,0.00021485462193404636,0.000189275712535375,19976.22279863371,19940.887380311488,True,False,19928.049735078977,19925.051522205016,False,125
2026-01-06 22:00:00+00:00,19936.144617201473,19960.175380666078,19931.779862538406,19953.704251896106,235.0,2026-01-06 16:00:00-06:00,2026-01-06,16:00:00,0.0008807939063344428,0.00035560280410864566,19976.22279863371,19940.887380311488,False,False,19918.598706291552,19960.175380666078,False,126
2026-01-06 22:15:00+00:00,19953.704251896106,19959.484322963566,19934.939437445817,19939.439095244234,183.0,2026-01-06 16:15:00-06:00,2026-01-06,16:15:00,-0.0007149127035155356,0.0005101412064953958,19976.22279863371,19940.887380311488,False,False,19928.049735078977,19959.484322963566,False,127
2026-01-06 22:30:00+00:00,19939.439095244234,19946.545881842805,19929.752112605187,19931.762076851235,92.0,2026-01-06 16:30:00-06:00,2026-01-06,16:30:00,-0.0003850167678401961,0.00034063025584143427,19976.22279863371,19940.887380311488,False,False,19931.779862538406,19946.545881842805,False,128
2026-01-06 22:45:00+00:00,19931.762076851235,19934.69335480588,19917.97074332838,19920.64316555437,159.0,2026-01-06 16:45:00-06:00,2026-01-06,16:45:00,-0.0005578488873182463,9.975032698241736e-05,19976.22279863371,19940.887380311488,False,True,19934.939437445817,19934.69335480588,False,129
2026-01-06 23:00:00+00:00,19920.64316555437,19927.05089210598,19908.788860534056,19915.9654479165,245.0,2026-01-06 17:00:00-06:00,2026-01-06,17:00:00,-0.00023481760096777382,-0.00011242596608109778,19976.22279863371,19940.887380311488,False,True,19929.752112605187,19927.05089210598,False,130
2026-01-06 23:15:00+00:00,19915.9654479165,19919.123696861712,19897.437815770754,19899.445214145824,148.0,2026-01-06 17:15:00-06:00,2026-01-06,17:15:00,-0.0008294970090141351,-0.00020236041066146182,19976.22279863371,19940.887380311488,False,False,19917.97074332838,19919.123696861712,False,131
2026-01-06 23:30:00+00:00,19899.445214145824,19910.691578015503,19894.396210010946,19907.067025507597,169.0,2026-01-06 17:30:00-06:00,2026-01-06,17:30:00,0.0003830162740594556,-0.0005444185937311774,19976.22279863371,19940.887380311488,False,False,19908.788860534056,19910.691578015503,False,132
2026-01-06 23:45:00+00:00,19907.067025507597,19913.326453691283,19899.46334110337,19904.400353142413,170.0,2026-01-06 17:45:00-06:00,2026-01-06,17:45:00,-0.00013395606503796564,-0.0003248327982161792,19976.22279863371,19940.887380311488,False,False,19897.437815770754,19913.326453691283,False,133
2026-01-07 00:00:00+00:00,19904.400353142413,19912.281581851807,19882.752112642316,19886.75067760838,192.0,2026-01-06 18:00:00-06:00,2026-01-06,18:00:00,-0.0008867222936081998,-0.0002746206576557331,19976.22279863371,19940.887380311488,False,False,19894.396210010946,19912.281581851807,False,134
2026-01-07 00:15:00+00:00,19886.75067760838,19892.419939244242,19869.975766513013,19874.56372863389,111.0,2026-01-06 18:15:00-06:00,2026-01-06,18:15:00,-0.000612817507095853,-0.00034039533891372376,19976.22279863371,19940.887380311488,False,True,19899.46334110337,19892.419939244242,False,135
2026-01-07 00:30:00+00:00,19874.56372863389,19880.652896693242,19867.88024180873,19878.325894803293,222.0,2026-01-06 18:30:00-06:00,2026-01-06,18:30:00,0.000189295534773537,-0.0004159953201393396,19976.22279863371,19940.887380311488,False,True,19882.752112642316,19880.652896693242,False,136
2026-01-07 00:45:00+00:00,19878.325894803293,19894.08126743759,19871.278672566004,19888.383413618023,248.0,2026-01-06 18:45:00-06:00,2026-01-06,18:45:00,0.0005059540158438569,-0.00021223681138180517,19976.22279863371,19940.887380311488,False,False,19869.975766513013,19894.08126743759,False,137
2026-01-07 01:00:00+00:00,19888.383413618023,19914.598287627807,19884.821322357533,19912.344184318325,104.0,2026-01-06 19:00:00-06:00,2026-01-06,19:00:00,0.001204762106702617,-0.0001876492630249249,19976.22279863371,19940.887380311488,True,False,19884.821322357533,19880.652896693242,False,138
2026-01-07 01:15:00+00:00,19912.344184318325,19954.615408178615,19908.409241672518,19947.310533910415,219.0,2026-01-06 19:15:00-06:00,2026-01-06,19:15:00,0.001756013720354721,8.009437132319163e-05,19976.22279863371,19940.887380311488,True,False,19908.409241672518,19894.08126743759,False,139
2026-01-07 01:30:00+00:00,19947.310533910415,19958.54091682033,19943.855636792247,19952.283447109727,218.0,2026-01-06 19:30:00-06:00,2026-01-06,19:30:00,0.00024930244059007123,0.0006086415741157758,19976.22279863371,19940.887380311488,True,False,19943.855636792247,19914.598287627807,False,140
2026-01-07 01:45:00+00:00,19952.283447109727,19955.32221418826,19935.529809266038,19940.408989669344,206.0,2026-01-06 19:45:00-06:00,2026-01-06,19:45:00,-0.0005951427801164089,0.0007810655636529606,19976.22279863371,19940.887380311488,False,False,19908.409241672518,19955.32221418826,False,141
2026-01-07 02:00:00+00:00,19940.408989669344,19942.95931570429,19908.724884154617,19914.824434300568,143.0,2026-01-06 20:00:00-06:00,2026-01-06,20:00:00,-0.0012830506827633537,0.0006241779006749715,19976.22279863371,19940.887380311488,False,True,19943.855636792247,19942.95931570429,False,142
2026-01-07 02:15:00+00:00,19914.824434300568,19921.138171221977,19911.454917047788,19918.036971848695,159.0,2026-01-06 20:15:00-06:00,2026-01-06,20:15:00,0.00016131387744455772,0.00026637696095352934,19976.22279863371,19940.887380311488,False,True,19935.529809266038,19921.138171221977,False,143
2026-01-07 02:30:00+00:00,19918.036971848695,19925.91713492602,19904.29726425264,19908.28167870497,222.0,2026-01-06 20:30:00-06:00,2026-01-06,20:30:00,-0.0004897718162443221,5.768731510191749e-05,19976.22279863371,19940.887380311488,False,False,19908.724884154617,19925.91713492602,False,144
2026-01-07 02:45:00+00:00,19908.28167870497,19913.03304255972,19895.71508387728,19903.297391582815,105.0,2026-01-06 20:45:00-06:00,2026-01-06,20:45:00,-0.00025036249750709505,-0.00039146979221789114,19976.22279863371,19940.887380311488,False,False,19911.454917047788,19913.03304255972,False,145
2026-01-07 03:00:00+00:00,19903.297391582815,19910.001877272865,19893.660814255014,19895.952229994095,220.0,2026-01-06 21:00:00-06:00,2026-01-06,21:00:00,-0.0003690424478020038,-0.0004914027798373244,19976.22279863371,19940.887380311488,False,False,19904.29726425264,19910.001877272865,False,146
2026-01-07 03:15:00+00:00,19895.952229994095,19901.770680046742,19889.49812172566,19894.2627393571,236.0,2026-01-06 21:15:00-06:00,2026-01-06,21:15:00,-8.491629942941614e-05,-0.0004461827133744434,19976.22279863371,19940.887380311488,False,False,19895.71508387728,19901.770680046742,False,147
2026-01-07 03:30:00+00:00,19894.2627393571,19912.4889810263,19887.993391107517,19907.05450212655,195.0,2026-01-06 21:30:00-06:00,2026-01-06,21:30:00,0.0006429875254509998,-0.00020655583670765588,19976.22279863371,19940.887380311488,False,False,19893.660814255014,19912.4889810263,False,148
2026-01-07 03:45:00+00:00,19907.05450212655,19911.809866463886,19904.151778057207,19908.939084935897,138.0,2026-01-06 21:45:00-06:00,2026-01-06,21:45:00,9.466909376998345e-05,-0.00011022110710636745,19976.22279863371,19940.887380311488,True,False,19904.151778057207,19901.770680046742,False,149
2026-01-07 04:00:00+00:00,19908.939084935897,19916.615231657244,19904.751222771396,19907.03546689143,175.0,2026-01-06 22:00:00-06:00,2026-01-06,22:00:00,-9.561624737242091e-05,6.667074896493652e-06,19976.22279863371,19940.887380311488,False,False,19887.993391107517,19916.615231657244,False,150
2026-01-07 04:15:00+00:00,19907.03546689143,19910.84352268652,19891.77838962769,19894.60762185752,88.0,2026-01-06 22:15:00-06:00,2026-01-06,22:15:00,-0.0006242941122286405,3.761632492342848e-05,19976.22279863371,19940.887380311488,False,False,19904.151778057207,19910.84352268652,False,151
2026-01-07 04:30:00+00:00,19894.60762185752,19900.07572515237,19866.998487359884,19874.51142652107,238.0,2026-01-06 22:30:00-06:00,2026-01-06,22:30:00,-0.0010101327816274264,-1.3434007961898865e-05,19976.22279863371,19940.887380311488,False,True,19904.751222771396,19900.07572515237,False,152
2026-01-07 04:45:00+00:00,19874.51142652107,19880.7100821886,19866.620172921263,19868.675731612188,138.0,2026-01-06 22:45:00-06:00,2026-01-06,22:45:00,-0.00029362708766234036,-0.0001984773044015009,19976.22279863371,19940.887380311488,False,True,19891.77838962769,19880.7100821886,False,153
2026-01-07 05:00:00+00:00,19868.675731612188,19874.57113054366,19864.900409153503,19868.03034100237,89.0,2026-01-06 23:00:00-06:00,2026-01-06,23:00:00,-3.2482819616985736e-05,-0.00038580022702416894,19976.22279863371,19940.887380311488,False,False,19866.998487359884,19874.57113054366,False,154
2026-01-07 05:15:00+00:00,19868.03034100237,19896.8890664235,19865.84263992496,19889.245499965327,215.0,2026-01-06 23:15:00-06:00,2026-01-06,23:15:00,0.0010678038335372175,-0.0004112306097015628,19976.22279863371,19940.887380311488,False,False,19866.620172921263,19896.8890664235,False,155
2026-01-07 05:30:00+00:00,19889.245499965327,19893.699428162523,19886.581723159954,19890.808794223,191.0,2026-01-06 23:30:00-06:00,2026-01-06,23:30:00,7.859997794668061e-05,-0.0001785465935196351,19976.22279863371,19940.887380311488,True,False,19886.581723159954,19874.57113054366,False,156
2026-01-07 05:45:00+00:00,19890.808794223,19907.65178478596,19885.087898503232,19902.60166835528,185.0,2026-01-06 23:45:00-06:00,2026-01-06,23:45:00,0.0005928805738510956,-3.7967775484570863e-05,19976.22279863371,19940.887380311488,False,False,19865.84263992496,19907.65178478596,False,157
2026-01-07 06:00:00+00:00,19902.60166835528,19907.025874699724,19893.160287720373,19896.61012117281,89.0,2026-01-07 00:00:00-06:00,2026-01-07,00:00:00,-0.00030104341544445745,0.0002826348956111335,19956.776872831793,19929.578006891574,False,False,19886.581723159954,19907.025874699724,False,158
2026-01-07 06:15:00+00:00,19896.61012117281,19901.455133549705,19876.97552367322,19882.390795975803,207.0,2026-01-07 00:15:00-06:00,2026-01-07,00:15:00,-0.0007146606939779643,0.0002811516300547101,19956.776872831793,19929.578006891574,False,False,19885.087898503232,19901.455133549705,False,159
2026-01-07 06:30:00+00:00,19882.390795975803,19885.10610113299,19865.268222532417,19870.809394829015,188.0,2026-01-07 00:30:00-06:00,2026-01-07,00:30:00,-0.0005824953983467607,0.0001447160551825144,19956.776872831793,19929.578006891574,False,True,19893.160287720373,19885.10610113299,False,160
2026-01-07 06:45:00+00:00,19870.809394829015,19873.613962488253,19855.01007005605,19862.10668205459,214.0,2026-01-07 00:45:00-06:00,2026-01-07,00:45:00,-0.000437964684855241,-0.00018534379119428124,19956.776872831793,19929.578006891574,False,True,19876.97552367322,19873.613962488253,False,161
2026-01-07 07:00:00+00:00,19862.10668205459,19891.3167721185,19860.078233697117,19887.64831884381,220.0,2026-01-07 01:00:00-06:00,2026-01-07,01:00:00,0.0012859480214300056,-0.00028865672375466556,19956.776872831793,19929.578006891574,False,False,19865.268222532417,19891.3167721185,False,162
2026-01-07 07:15:00+00:00,19887.64831884381,19891.476546466376,19870.67146193706,19877.791678693116,116.0,2026-01-07 01:15:00-06:00,2026-01-07,01:15:00,-0.0004956161730471642,-0.00015004323423888354,19956.776872831793,19929.578006891574,False,False,19855.01007005605,19891.476546466376,False,163
2026-01-07 07:30:00+00:00,19877.791678693116,19892.42096842004,19872.076964174554,19887.85354913795,115.0,2026-01-07 01:30:00-06:00,2026-01-07,01:30:00,0.0005061865325624026,-0.0001889577857594249,19956.776872831793,19929.578006891574,False,False,19860.078233697117,19892.42096842004,False,164
2026-01-07 07:45:00+00:00,19887.85354913795,19893.519474420173,19874.041962084277,19877.018423000907,237.0,2026-01-07 01:45:00-06:00,2026-01-07,01:45:00,-0.0005448112391954751,5.521165954864848e-05,19956.776872831793,19929.578006891574,False,False,19870.67146193706,19893.519474420173,False,165
2026-01-07 08:00:00+00:00,19877.018423000907,19894.00507385991,19870.380798672097,19888.1972991554,170.0,2026-01-07 02:00:00-06:00,2026-01-07,02:00:00,0.0005624020623513637,6.274849137890559e-05,19956.776872831793,19929.578006891574,False,False,19872.076964174554,19894.00507385991,False,166
2026-01-07 08:15:00+00:00,19888.1972991554,19897.287576128183,19881.064349904656,19892.81671074867,154.0,2026-01-07 02:15:00-06:00,2026-01-07,02:15:00,0.000232268994710072,0.00026282184082022654,19956.776872831793,19929.578006891574,False,False,19874.041962084277,19897.287576128183,False,167
2026-01-07 08:30:00+00:00,19892.81671074867,19897.269409405242,19887.41147507425,19890.937055976774,128.0,2026-01-07 02:30:00-06:00,2026-01-07,02:30:00,-9.448912133591669e-05,5.20860354762398e-05,19956.776872831793,19929.578006891574,False,False,19870.380798672097,19897.269409405242,False,168
2026-01-07 08:45:00+00:00,19890.937055976774,19894.242827136957,19882.93514357773,19890.447905663146,188.0,2026-01-07 02:45:00-06:00,2026-01-07,02:45:00,-2.4591617390989917e-05,0.0001323114458184893,19956.776872831793,19929.578006891574,False,False,19881.064349904656,19894.242827136957,False,169
2026-01-07 09:00:00+00:00,19890.447905663146,19895.9777431536,19877.863708736204,19882.590453317996,208.0,2026-01-07 03:00:00-06:00,2026-01-07,03:00:00,-0.0003950364708937837,2.615581582781079e-05,19956.776872831793,19929.578006891574,False,False,19887.41147507425,19895.9777431536,False,170
2026-01-07 09:15:00+00:00,19882.590453317996,19891.845565203683,19876.969906591996,19887.94331973578,80.0,2026-01-07 03:15:00-06:00,2026-01-07,03:15:00,0.000269223793064155,5.611076948814908e-05,19956.776872831793,19929.578006891574,False,False,19882.93514357773,19891.845565203683,False,171
2026-01-07 09:30:00+00:00,19887.94331973578,19890.159678741442,19874.575620769985,19882.48351797169,173.0,2026-01-07 03:30:00-06:00,2026-01-07,03:30:00,-0.000274528224276982,-2.524884369292657e-06,19956.776872831793,19929.578006891574,False,False,19877.863708736204,19890.159678741442,False,172
2026-01-07 09:45:00+00:00,19882.48351797169,19886.993918236632,19863.607032334647,19867.776248806484,248.0,2026-01-07 03:45:00-06:00,2026-01-07,03:45:00,-0.000739709863303184,-0.00010388432816670346,19956.776872831793,19929.578006891574,False,False,19876.969906591996,19886.993918236632,False,173
2026-01-07 10:00:00+00:00,19867.776248806484,19872.621044857024,19845.562041839727,19852.440997914648,127.0,2026-01-07 04:00:00-06:00,2026-01-07,04:00:00,-0.0007718654921311519,-0.00023292847656015693,19956.776872831793,19929.578006891574,False,True,19874.575620769985,19872.621044857024,False,174
2026-01-07 10:15:00+00:00,19852.440997914648,19857.86561013654,19848.530603207677,19854.512052927315,127.0,2026-01-07 04:15:00-06:00,2026-01-07,04:15:00,0.00010432243636371297,-0.0003823832515081893,19956.776872831793,19929.578006891574,False,True,19863.607032334647,19857.86561013654,False,175
2026-01-07 10:30:00+00:00,19854.512052927315,19878.895895602975,19847.71677179387,19873.46114800424,229.0,2026-01-07 04:30:00-06:00,2026-01-07,04:30:00,0.0009543974199119898,-0.00028251147005668996,19956.776872831793,19929.578006891574,False,False,19845.562041839727,19878.895895602975,False,176
2026-01-07 10:45:00+00:00,19873.46114800424,19880.77567876971,19867.856744491066,19875.38104736712,90.0,2026-01-07 04:45:00-06:00,2026-01-07,04:45:00,9.660618996254478e-05,-0.00014547674468712302,19956.776872831793,19929.578006891574,True,False,19867.856744491066,19857.86561013654,False,177
2026-01-07 11:00:00+00:00,19875.38104736712,19881.59306045378,19870.659253282447,19873.9573874538,147.0,2026-01-07 05:00:00-06:00,2026-01-07,05:00:00,-7.162931417137308e-05,-7.124986183921766e-05,19956.776872831793,19929.578006891574,False,False,19847.71677179387,19881.59306045378,False,178
2026-01-07 11:15:00+00:00,19873.9573874538,19883.274992022238,19869.473230891064,19877.38730112903,157.0,2026-01-07 05:15:00-06:00,2026-01-07,05:15:00,0.00017258332642877683,6.236624798714452e-05,19956.776872831793,19929.578006891574,False,False,19867.856744491066,19883.274992022238,False,179
2026-01-07 11:30:00+00:00,19877.38730112903,19898.973920368637,19873.48148732285,19893.059322029512,215.0,2026-01-07 05:30:00-06:00,2026-01-07,05:30:00,0.0007884346500404149,0.00025125601169913027,19956.776872831793,19929.578006891574,False,False,19870.659253282447,19898.973920368637,False,180
2026-01-07 11:45:00+00:00,19893.059322029512,19899.589196956826,19890.59067167103,19895.69191204588,101.0,2026-01-07 05:45:00-06:00,2026-01-07,05:45:00,0.00013233711184157393,0.00038807845443447066,19956.776872831793,19929.578006891574,True,False,19890.59067167103,19883.274992022238,False,181
2026-01-07 12:00:00+00:00,19895.69191204588,19902.416505377798,19888.581776655275,19890.760785275874,153.0,2026-01-07 06:00:00-06:00,2026-01-07,06:00:00,-0.00024784897111429505,0.00022366639282038746,19956.776872831793,19929.578006891574,False,False,19873.48148732285,19902.416505377798,False,182
2026-01-07 12:15:00+00:00,19890.760785275874,19909.331116098194,19886.68191334343,19904.036249796594,105.0,2026-01-07 06:15:00-06:00,2026-01-07,06:15:00,0.000667418640444728,0.0001547753606050195,19956.776872831793,19929.578006891574,False,False,19890.59067167103,19909.331116098194,False,183
2026-01-07 12:30:00+00:00,19904.036249796594,19913.769836229214,19901.92204490969,19909.181327058133,213.0,2026-01-07 06:30:00-06:00,2026-01-07,06:30:00,0.0002584941665584317,0.0003025849515282397,19956.776872831793,19929.578006891574,False,False,19888.581776655275,19913.769836229214,False,184
2026-01-07 12:45:00+00:00,19909.181327058133,19933.36647384773,19906.18840051264,19927.610398962086,187.0,2026-01-07 06:45:00-06:00,2026-01-07,06:45:00,0.0009256569419509031,0.0003197671195541707,19956.776872831793,19929.578006891574,False,False,19886.68191334343,19933.36647384773,False,185
2026-01-07 13:00:00+00:00,19927.610398962086,19933.97315621545,19921.25929903698,19929.809212208747,164.0,2026-01-07 07:00:00-06:00,2026-01-07,07:00:00,0.00011034003589194263,0.00034721157793626833,19956.776872831793,19929.578006891574,True,False,19921.25929903698,19913.769836229214,False,186
2026-01-07 13:15:00+00:00,19929.809212208747,19934.885647676387,19908.867036413998,19915.1155838281,146.0,2026-01-07 07:15:00-06:00,2026-01-07,07:15:00,-0.0007372688932538729,0.0003428121627463421,19956.776872831793,19929.578006891574,False,False,19906.18840051264,19934.885647676387,False,187
2026-01-07 13:30:00+00:00,19915.1155838281,19921.535817958993,19892.266191118408,19898.697673437153,106.0,2026-01-07 07:30:00-06:00,2026-01-07,07:30:00,-0.0008243944315482477,0.0002449281783184265,19956.776872831793,19929.578006891574,False,False,19921.25929903698,19921.535817958993,False,188
2026-01-07 13:45:00+00:00,19898.697673437153,19925.82722594427,19894.794754410374,19918.50880862393,236.0,2026-01-07 07:45:00-06:00,2026-01-07,07:45:00,0.0009955995870636336,-5.343443608016862e-05,19956.776872831793,19929.578006891574,False,False,19908.867036413998,19925.82722594427,False,189
2026-01-07 14:00:00+00:00,19918.50880862393,19946.7191404571,19911.168691881223,19939.19279727333,190.0,2026-01-07 08:00:00-06:00,2026-01-07,08:00:00,0.0010384305797250803,9.398664802087175e-05,19956.776872831793,19929.578006891574,False,False,19892.266191118408,19946.7191404571,False,190
2026-01-07 14:15:00+00:00,19939.19279727333,19944.214594824425,19931.475583425767,19937.038566713938,134.0,2026-01-07 08:15:00-06:00,2026-01-07,08:15:00,-0.00010804000850450635,0.0001165413755757072,19956.776872831793,19929.578006891574,True,False,19931.475583425767,19925.82722594427,False,191
2026-01-07 14:30:00+00:00,19937.038566713938,19942.160217402383,19929.684160809826,19932.440318860306,150.0,2026-01-07 08:30:00-06:00,2026-01-07,08:30:00,-0.00023063845907933533,7.286536669641741e-05,19956.776872831793,19929.578006891574,False,False,19911.168691881223,19942.160217402383,True,192
2026-01-07 14:45:00+00:00,19932.440318860306,19956.776872831793,19929.578006891574,19949.97765036721,203.0,2026-01-07 08:45:00-06:00,2026-01-07,08:45:00,0.0008798386562989258,0.00017419145353132494,19956.776872831793,19929.578006891574,False,False,19931.475583425767,19956.776872831793,True,193
2026-01-07 15:00:00+00:00,19949.97765036721,19953.864354517675,19930.534529621113,19936.69310218269,202.0,2026-01-07 09:00:00-06:00,2026-01-07,09:00:00,-0.0006658928855630686,0.0005150380711007596,19956.776872831793,19929.578006891574,False,False,19929.684160809826,19953.864354517675,True,194
2026-01-07 15:15:00+00:00,19936.69310218269,19943.71739635676,19922.918714336567,19925.95637795522,158.0,2026-01-07 09:15:00-06:00,2026-01-07,09:15:00,-0.0005385408789934099,0.00018273957657541918,19956.776872831793,19929.578006891574,False,False,19929.578006891574,19943.71739635676,True,195
2026-01-07 15:30:00+00:00,19925.95637795522,19938.641149370593,19920.912621745727,19933.67629949149,131.0,2026-01-07 09:30:00-06:00,2026-01-07,09:30:00,0.0003874304143720586,-0.00013265471516827888,19956.776872831793,19929.578006891574,False,False,19930.534529621113,19938.641149370593,True,196
2026-01-07 15:45:00+00:00,19933.67629949149,19936.3714398375,19920.9903911616,19928.941038017172,192.0,2026-01-07 09:45:00-06:00,2026-01-07,09:45:00,-0.0002375508362417733,-3.3560630592965876e-05,19956.776872831793,19929.578006891574,False,False,19922.918714336567,19936.3714398375,True,197
2026-01-07 16:00:00+00:00,19928.941038017172,19931.373392899608,19926.855529988134,19928.879575616535,191.0,2026-01-07 10:00:00-06:00,2026-01-07,10:00:00,-3.0840775995244485e-06,-3.494310602545347e-05,19956.776872831793,19929.578006891574,False,False,19920.912621745727,19931.373392899608,True,198
2026-01-07 16:15:00+00:00,19928.879575616535,19935.931534882773,19924.818782022852,19926.918260834238,181.0,2026-01-07 10:15:00-06:00,2026-01-07,10:15:00,-9.84157074588321e-05,-0.00021152765280514353,19956.776872831793,19929.578006891574,False,False,19920.9903911616,19935.931534882773,True,199
2026-01-07 16:30:00+00:00,19926.918260834238,19933.302562921268,19918.959753342657,19930.969155419825,92.0,2026-01-07 10:30:00-06:00,2026-01-07,10:30:00,0.000203287559700005,-9.803221718429622e-05,19956.776872831793,19929.578006891574,False,False,19926.855529988134,19933.302562921268,True,200
2026-01-07 16:45:00+00:00,19930.969155419825,19951.542606372393,19925.46132241502,19947.85893775559,160.0,2026-01-07 10:45:00-06:00,2026-01-07,10:45:00,0.0008474140020016119,5.033347055438675e-05,19956.776872831793,19929.578006891574,False,False,19924.818782022852,19951.542606372393,False,201
2026-01-07 17:00:00+00:00,19947.85893775559,19952.95073688142,19945.09747790248,19948.94595663841,184.0,2026-01-07 11:00:00-06:00,2026-01-07,11:00:00,5.449301031301701e-05,0.0001423301880802974,19956.776872831793,19929.578006891574,True,False,19945.09747790248,19933.302562921268,False,202
2026-01-07 17:15:00+00:00,19948.94595663841,19959.711188828882,19941.562143439885,19956.673222157733,241.0,2026-01-07 11:15:00-06:00,2026-01-07,11:15:00,0.00038735207043605335,0.00020073895739125547,19956.776872831793,19929.578006891574,False,False,19925.46132241502,19959.711188828882,False,203
2026-01-07 17:30:00+00:00,19956.673222157733,19960.556582376546,19924.788875144597,19932.071156945363,169.0,2026-01-07 11:30:00-06:00,2026-01-07,11:30:00,-0.0012327738665908194,0.00027882618699837103,19956.776872831793,19929.578006891574,False,False,19945.09747790248,19960.556582376546,False,204
2026-01-07 17:45:00+00:00,19932.071156945363,19938.527312345715,19926.269333643533,19931.4865361222,138.0,2026-01-07 11:45:00-06:00,2026-01-07,11:45:00,-2.9330661051707452e-05,5.195455517197356e-05,19956.776872831793,19929.578006891574,False,True,19941.562143439885,19938.527312345715,False,205
2026-01-07 18:00:00+00:00,19931.4865361222,19933.57463318356,19915.63702069952,19921.367772878686,174.0,2026-01-07 12:00:00-06:00,2026-01-07,12:00:00,-0.0005076772986889466,5.430911021631068e-06,19956.776872831793,19929.578006891574,False,False,19924.788875144597,19933.57463318356,False,206
2026-01-07 18:15:00+00:00,19921.367772878686,19928.33081342581,19903.102893004598,19906.742016153603,110.0,2026-01-07 12:15:00-06:00,2026-01-07,12:15:00,-0.0007341743243651777,-0.00026558734911648064,19956.776872831793,19929.578006891574,False,False,19926.269333643533,19928.33081342581,False,207
2026-01-07 18:30:00+00:00,19906.742016153603,19913.88130429505,19893.901069572225,19896.204187750456,95.0,2026-01-07 12:30:00-06:00,2026-01-07,12:30:00,-0.000529359771407889,-0.0004233208160521196,19956.776872831793,19929.578006891574,False,True,19915.63702069952,19913.88130429505,False,208
2026-01-07 18:45:00+00:00,19896.204187750456,19900.437757189604,19886.6273008087,19892.194706462047,195.0,2026-01-07 12:45:00-06:00,2026-01-07,12:45:00,-0.00020151991056049923,-0.000606663184420908,19956.776872831793,19929.578006891574,False,True,19903.102893004598,19900.437757189604,False,209
2026-01-07 19:00:00+00:00,19892.194706462047,19906.10721436468,19888.42617530283,19903.18553697032,247.0,2026-01-07 13:00:00-06:00,2026-01-07,13:00:00,0.0005525197531222048,-0.000400412393214844,19956.776872831793,19929.578006891574,False,False,19893.901069572225,19906.10721436468,False,210
2026-01-07 19:15:00+00:00,19903.18553697032,19908.79057941799,19881.287098077482,19887.268824357445,223.0,2026-01-07 13:15:00-06:00,2026-01-07,13:15:00,-0.0007997067898155574,-0.0002840423103800616,19956.776872831793,19929.578006891574,False,False,19886.6273008087,19908.79057941799,False,211
2026-01-07 19:30:00+00:00,19887.268824357445,19890.354437603768,19880.25135329639,19887.636402268578,179.0,2026-01-07 13:30:00-06:00,2026-01-07,13:30:00,1.8483076503761353e-05,-0.0003424482086053837,19956.776872831793,19929.578006891574,False,False,19888.42617530283,19890.354437603768,False,212
2026-01-07 19:45:00+00:00,19887.636402268578,19891.825918435046,19879.717405805088,19881.826369068574,86.0,2026-01-07 13:45:00-06:00,2026-01-07,13:45:00,-0.0002921429717681612,-0.0001919167284315959,19956.776872831793,19929.578006891574,False,False,19881.287098077482,19891.825918435046,False,213
2026-01-07 20:00:00+00:00,19881.826369068574,19889.57694415398,19872.320009288116,19877.89429193623,247.0,2026-01-07 14:00:00-06:00,2026-01-07,14:00:00,-0.0001977724309302209,-0.00014447336850365033,19956.776872831793,19929.578006891574,False,False,19880.25135329639,19889.57694415398,False,214
2026-01-07 20:15:00+00:00,19877.89429193623,19897.90017267539,19874.50660869811,19889.92738583989,156.0,2026-01-07 14:15:00-06:00,2026-01-07,14:15:00,0.0006053505329555176,-0.00014372387257759466,19956.776872831793,19929.578006891574,False,False,19879.717405805088,19897.90017267539,False,215
2026-01-07 20:30:00+00:00,19889.92738583989,19903.01740043206,19882.684054852467,19896.384771083933,129.0,2026-01-07 14:30:00-06:00,2026-01-07,14:30:00,0.000324656049204064,-0.00013315771661093212,19956.776872831793,19929.578006891574,False,False,19872.320009288116,19903.01740043206,False,216
2026-01-07 20:45:00+00:00,19896.384771083933,19916.29931743277,19892.862784044562,19912.433548373247,231.0,2026-01-07 14:45:00-06:00,2026-01-07,14:45:00,0.0008066177586512069,9.171485119299216e-05,19956.776872831793,19929.578006891574,False,False,19874.50660869811,19916.29931743277,False,217
2026-01-07 21:00:00+00:00,19912.433548373247,19918.559538668243,19904.914859422835,19910.579480222248,206.0,2026-01-07 15:00:00-06:00,2026-01-07,15:00:00,-9.311107788478878e-05,0.00024934178762248127,19956.776872831793,19929.578006891574,True,False,19904.914859422835,19903.01740043206,False,218
2026-01-07 21:15:00+00:00,19910.579480222248,19916.81191841515,19896.906923841663,19902.2281688822,207.0,2026-01-07 15:15:00-06:00,2026-01-07,15:15:00,-0.00041944089815881824,0.00028914816639915577,19956.776872831793,19929.578006891574,False,False,19892.862784044562,19916.81191841515,False,219
2026-01-07 21:30:00+00:00,19902.2281688822,19906.55521905318,19895.164864079277,19899.541863079634,127.0,2026-01-07 15:30:00-06:00,2026-01-07,15:30:00,-0.00013497512840132675,0.0002448144729534363,19956.776872831793,19929.578006891574,False,False,19904.914859422835,19906.55521905318,False,220
2026-01-07 21:45:00+00:00,19899.541863079634,19908.297156382403,19893.476138498034,19902.451824574888,248.0,2026-01-07 15:45:00-06:00,2026-01-07,15:45:00,0.0001462325874272974,9.674934068206741e-05,19956.776872831793,19929.578006891574,False,False,19896.906923841663,19908.297156382403,False,221
2026-01-07 22:00:00+00:00,19902.451824574888,19906.635070746186,19896.097206766593,19904.570704876332,156.0,2026-01-07 16:00:00-06:00,2026-01-07,16:00:00,0.00010646328000807337,6.10646483267141e-05,19956.776872831793,19929.578006891574,False,False,19895.164864079277,19906.635070746186,False,222
2026-01-07 22:15:00+00:00,19904.570704876332,19907.825050827945,19886.156421237614,19891.55804800953,170.0,2026-01-07 16:15:00-06:00,2026-01-07,16:15:00,-0.0006537521989165018,-7.89662474019126e-05,19956.776872831793,19929.578006891574,False,False,19893.476138498034,19907.825050827945,False,223
2026-01-07 22:30:00+00:00,19891.55804800953,19897.794455206873,19885.00751458642,19892.643925389068,207.0,2026-01-07 16:30:00-06:00,2026-01-07,16:30:00,5.458986052864212e-05,-0.0001910944716082552,19956.776872831793,19929.578006891574,False,False,19896.097206766593,19897.794455206873,False,224
2026-01-07 22:45:00+00:00,19892.643925389068,19898.365173176284,19884.74342293311,19895.382665350735,192.0,2026-01-07 16:45:00-06:00,2026-01-07,16:45:00,0.0001376760159153001,-9.628831987076313e-05,19956.776872831793,19929.578006891574,False,False,19886.156421237614,19898.365173176284,False,225
2026-01-07 23:00:00+00:00,19895.382665350735,19928.5877950084,19890.86703102333,19925.59235380114,109.0,2026-01-07 17:00:00-06:00,2026-01-07,17:00:00,0.0015184271123882542,-4.175809100743777e-05,19956.776872831793,19929.578006891574,False,False,19885.00751458642,19928.5877950084,False,226
2026-01-07 23:15:00+00:00,19925.59235380114,19955.132314879822,19920.504855489828,19948.114489136522,131.0,2026-01-07 17:15:00-06:00,2026-01-07,17:15:00,0.0011303119593875088,0.0002326808139847536,19956.776872831793,19929.578006891574,True,False,19920.504855489828,19898.365173176284,False,227
2026-01-07 23:30:00+00:00,19948.114489136522,19956.049287152622,19935.80074966217,19937.875568929816,141.0,2026-01-07 17:30:00-06:00,2026-01-07,17:30:00,-0.0005132775938438972,0.00043745054986064067,19956.776872831793,19929.578006891574,True,False,19935.80074966217,19928.5877950084,False,228
2026-01-07 23:45:00+00:00,19937.875568929816,19943.211385497987,19927.65079725336,19934.426968591226,241.0,2026-01-07 17:45:00-06:00,2026-01-07,17:45:00,-0.0001729672916589431,0.0004655454708751616,19956.776872831793,19929.578006891574,False,False,19920.504855489828,19943.211385497987,False,229
2026-01-08 00:00:00+00:00,19934.426968591226,19941.461386976516,19911.744284166904,19916.86566456918,201.0,2026-01-07 18:00:00-06:00,2026-01-07,18:00:00,-0.0008809535408123015,0.00042003404043764456,19956.776872831793,19929.578006891574,False,False,19935.80074966217,19941.461386976516,False,230
2026-01-08 00:15:00+00:00,19916.86566456918,19924.80759455514,19905.329411819457,19909.77718040162,142.0,2026-01-07 18:15:00-06:00,2026-01-07,18:15:00,-0.00035590359883641565,0.00021630812909212427,19956.776872831793,19929.578006891574,False,True,19927.65079725336,19924.80759455514,False,231
2026-01-08 00:30:00+00:00,19909.77718040162,19916.414015776114,19907.212748623082,19913.5644404447,204.0,2026-01-07 18:30:00-06:00,2026-01-07,18:30:00,0.00019022111642774675,-0.0001585580131528097,19956.776872831793,19929.578006891574,False,False,19911.744284166904,19916.414015776114,False,232
2026-01-08 00:45:00+00:00,19913.5644404447,19932.72415757489,19906.226501914647,19928.034683895363,205.0,2026-01-07 18:45:00-06:00,2026-01-07,18:45:00,0.000726652603753486,-0.0003465761817447621,19956.776872831793,19929.578006891574,False,False,19905.329411819457,19932.72415757489,False,233
2026-01-08 01:00:00+00:00,19928.034683895363,19932.390120190415,19914.915634402198,19919.28567784244,147.0,2026-01-07 19:00:00-06:00,2026-01-07,19:00:00,-0.0004390300494606647,-9.859014222528551e-05,19956.776872831793,19929.578006891574,False,False,19907.212748623082,19932.390120190415,False,234
2026-01-08 01:15:00+00:00,19919.28567784244,19921.765973544316,19905.34043097237,19911.435920561624,148.0,2026-01-07 19:15:00-06:00,2026-01-07,19:15:00,-0.00039407825199011537,-0.00015180269378562984,19956.776872831793,19929.578006891574,False,False,19906.226501914647,19921.765973544316,False,235
2026-01-08 01:30:00+00:00,19911.435920561624,19917.967901598393,19882.772207266553,19885.66845220476,232.0,2026-01-07 19:30:00-06:00,2026-01-07,19:30:00,-0.0012941039742017102,-5.442763602119261e-05,19956.776872831793,19929.578006891574,False,False,19914.915634402198,19917.967901598393,False,236
2026-01-08 01:45:00+00:00,19885.66845220476,19890.271126368698,19875.947163380977,19883.716461158223,175.0,2026-01-07 19:45:00-06:00,2026-01-07,19:45:00,-9.816069553958418e-05,-0.00024206771109425151,19956.776872831793,19929.578006891574,False,True,19905.34043097237,19890.271126368698,False,237
2026-01-08 02:00:00+00:00,19883.716461158223,19888.532422763365,19867.896837644977,19870.96748821591,105.0,2026-01-07 20:00:00-06:00,2026-01-07,20:00:00,-0.0006411765610929709,-0.0002997440734877177,19956.776872831793,19929.578006891574,False,False,19882.772207266553,19888.532422763365,False,238
2026-01-08 02:15:00+00:00,19870.96748821591,19873.87152605879,19861.416963130116,19864.614215087513,202.0,2026-01-07 20:15:00-06:00,2026-01-07,20:15:00,-0.0003197264115178955,-0.0005733099064570091,19956.776872831793,19929.578006891574,False,True,19875.947163380977,19873.87152605879,False,239
2026-01-08 02:30:00+00:00,19864.614215087513,19867.6997750009,19846.937988586156,19854.0918857495,180.0,2026-01-07 20:30:00-06:00,2026-01-07,20:30:00,-0.0005297021741312857,-0.0005494491788684552,19956.776872831793,19929.578006891574,False,True,19867.896837644977,19867.6997750009,False,240
2026-01-08 02:45:00+00:00,19854.0918857495,19861.53450748244,19845.48523863362,19852.960735098473,166.0,2026-01-07 20:45:00-06:00,2026-01-07,20:45:00,-5.697317497765919e-05,-0.0005765739632966893,19956.776872831793,19929.578006891574,False,False,19861.416963130116,19861.53450748244,False,241
2026-01-08 03:00:00+00:00,19852.960735098473,19855.22862963232,19828.595109957052,19831.867994402193,203.0,2026-01-07 21:00:00-06:00,2026-01-07,21:00:00,-0.0010624481143001185,-0.0003291478034518791,19956.776872831793,19929.578006891574,False,False,19846.937988586156,19855.22862963232,False,242
2026-01-08 03:15:00+00:00,19831.867994402193,19835.265108111857,19809.44464612845,19814.2634514575,234.0,2026-01-07 21:15:00-06:00,2026-01-07,21:15:00,-0.0008876895988649824,-0.0005220052872039859,19956.776872831793,19929.578006891574,False,True,19845.48523863362,19835.265108111857,False,243
2026-01-08 03:30:00+00:00,19814.2634514575,19843.566772783728,19807.862482030123,19839.81441680184,136.0,2026-01-07 21:30:00-06:00,2026-01-07,21:30:00,0.0012895238527002029,-0.0005713078947583883,19956.776872831793,19929.578006891574,False,False,19828.595109957052,19843.566772783728,False,244
2026-01-08 03:45:00+00:00,19839.81441680184,19844.75560205625,19817.095151423688,19824.36534582655,151.0,2026-01-07 21:45:00-06:00,2026-01-07,21:45:00,-0.0007786902967301668,-0.0002494578419147686,19956.776872831793,19929.578006891574,False,False,19809.44464612845,19844.75560205625,False,245
2026-01-08 04:00:00+00:00,19824.36534582655,19829.88401686464,19806.929602714874,19811.203918885098,112.0,2026-01-07 22:00:00-06:00,2026-01-07,22:00:00,-0.0006639015530565118,-0.0002992554664345448,19956.776872831793,19929.578006891574,False,False,19807.862482030123,19829.88401686464,False,246
2026-01-08 04:15:00+00:00,19811.203918885098,19838.20662108006,19806.101801964,19833.246881224954,190.0,2026-01-07 22:15:00-06:00,2026-01-07,22:15:00,0.0011126513275068195,-0.00042064114205031533,19956.776872831793,19929.578006891574,False,False,19817.095151423688,19838.20662108006,False,247
2026-01-08 04:30:00+00:00,19833.246881224954,19870.612379263177,19826.796582761835,19868.107687255837,148.0,2026-01-07 22:30:00-06:00,2026-01-07,22:30:00,0.0017576953607068013,1.4378746311072277e-05,19956.776872831793,19929.578006891574,False,False,19806.929602714874,19870.612379263177,False,248
2026-01-08 04:45:00+00:00,19868.107687255837,19871.56969198017,19847.662071850016,19854.048887709934,138.0,2026-01-07 22:45:00-06:00,2026-01-07,22:45:00,-0.0007076063693232104,0.000543455738225429,19956.776872831793,19929.578006891574,True,False,19847.662071850016,19838.20662108006,False,249
2026-01-08 05:00:00+00:00,19854.048887709934,19861.11041801851,19842.93213944832,19849.629900228476,198.0,2026-01-07 23:00:00-06:00,2026-01-07,23:00:00,-0.00022257361742439308,0.00014402969382074638,19956.776872831793,19929.578006891574,False,False,19826.796582761835,19861.11041801851,False,250
2026-01-08 05:15:00+00:00,19849.629900228476,19859.554099042634,19844.210297316626,19853.728566839764,149.0,2026-01-07 23:15:00-06:00,2026-01-07,23:15:00,0.0002064857950445642,0.00025525302968190113,19956.776872831793,19929.578006891574,False,False,19847.662071850016,19859.554099042634,False,251
2026-01-08 05:30:00+00:00,19853.728566839764,19880.36783287344,19851.100876258934,19874.47293857263,158.0,2026-01-07 23:30:00-06:00,2026-01-07,23:30:00,0.0010448602469319557,0.0004293304993021163,19956.776872831793,19929.578006891574,False,False,19842.93213944832,19880.36783287344,False,252
2026-01-08 05:45:00+00:00,19874.47293857263,19880.49415810474,19855.206813886223,19862.63065363149,154.0,2026-01-07 23:45:00-06:00,2026-01-07,23:45:00,-0.0005958540373746102,0.00041577228318714356,19956.776872831793,19929.578006891574,False,False,19844.210297316626,19880.49415810474,False,253
2026-01-08 06:00:00+00:00,19862.63065363149,19869.20807174573,19852.493884244257,19859.687319480185,123.0,2026-01-08 00:00:00-06:00,2026-01-08,00:00:00,-0.00014818450801579175,-5.4937596429138756e-05,19894.84368709331,19881.66209777442,False,False,19851.100876258934,19869.20807174573,False,254
2026-01-08 06:15:00+00:00,19859.687319480185,19871.364021283258,19852.898734865274,19869.015370392928,101.0,2026-01-08 00:15:00-06:00,2026-01-08,00:15:00,0.0004696977733176233,5.6946775832344976e-05,19894.84368709331,19881.66209777442,False,False,19855.206813886223,19871.364021283258,False,255
2026-01-08 06:30:00+00:00,19869.015370392928,19878.43221359612,19866.416195529964,19874.232563286525,220.0,2026-01-08 00:30:00-06:00,2026-01-08,00:30:00,0.0002625793375434782,0.00019540105398074825,19894.84368709331,19881.66209777442,False,False,19852.493884244257,19878.43221359612,False,256
2026-01-08 06:45:00+00:00,19874.232563286525,19879.469727898097,19866.492306229276,19869.718690431764,95.0,2026-01-08 00:45:00-06:00,2026-01-08,00:45:00,-0.00022712186950546442,0.00020661976248053103,19894.84368709331,19881.66209777442,False,False,19852.898734865274,19879.469727898097,False,257
2026-01-08 07:00:00+00:00,19869.718690431764,19873.749429331547,19861.651212666926,19868.112814857574,135.0,2026-01-08 01:00:00-06:00,2026-01-08,01:00:00,-8.08202470911068e-05,-4.777666080695298e-05,19894.84368709331,19881.66209777442,False,False,19866.416195529964,19873.749429331547,False,258
2026-01-08 07:15:00+00:00,19868.112814857574,19875.179688097298,19849.47522458964,19851.614065157133,193.0,2026-01-08 01:15:00-06:00,2026-01-08,01:15:00,-0.0008304135301719917,5.52300972497477e-05,19894.84368709331,19881.66209777442,False,False,19866.492306229276,19875.179688097298,False,259
2026-01-08 07:30:00+00:00,19851.614065157133,19856.509500208656,19840.880632427194,19848.755980229438,102.0,2026-01-08 01:30:00-06:00,2026-01-08,01:30:00,-0.00014397242049513093,-8.12157071814923e-05,19894.84368709331,19881.66209777442,False,True,19861.651212666926,19856.509500208656,False,260
2026-01-08 07:45:00+00:00,19848.755980229438,19855.367745766194,19841.296462267197,19845.55933034933,191.0,2026-01-08 01:45:00-06:00,2026-01-08,01:45:00,-0.00016105038941949257,-0.00020394974594404314,19894.84368709331,19881.66209777442,False,False,19849.47522458964,19855.367745766194,False,261
2026-01-08 08:00:00+00:00,19845.55933034933,19855.457462126134,19839.243455147185,19848.345369024846,204.0,2026-01-08 02:00:00-06:00,2026-01-08,02:00:00,0.00014038599916177397,-0.0002886756913366373,19894.84368709331,19881.66209777442,False,False,19840.880632427194,19855.457462126134,False,262
2026-01-08 08:15:00+00:00,19848.345369024846,19853.374117922267,19834.356015868085,19841.681442399014,192.0,2026-01-08 02:15:00-06:00,2026-01-08,02:15:00,-0.0003357421740671773,-0.0002151741176031896,19894.84368709331,19881.66209777442,False,False,19841.296462267197,19853.374117922267,False,263
2026-01-08 08:30:00+00:00,19841.681442399014,19854.797218132786,19837.313663070116,19847.33990466956,131.0,2026-01-08 02:30:00-06:00,2026-01-08,02:30:00,0.00028518058245063926,-0.00026615850299840373,19894.84368709331,19881.66209777442,False,False,19839.243455147185,19854.797218132786,False,264
2026-01-08 08:45:00+00:00,19847.33990466956,19865.015238126616,19843.42510973796,19859.492494483395,83.0,2026-01-08 02:45:00-06:00,2026-01-08,02:45:00,0.0006123032039662135,-4.3039680473877515e-05,19894.84368709331,19881.66209777442,False,False,19834.356015868085,19865.015238126616,False,265
2026-01-08 09:00:00+00:00,19859.492494483395,19868.45929220842,19853.840047710004,19861.357646415418,230.0,2026-01-08 03:00:00-06:00,2026-01-08,03:00:00,9.391740159236939e-05,0.00010821544441839138,19894.84368709331,19881.66209777442,False,False,19837.313663070116,19868.45929220842,False,266
2026-01-08 09:15:00+00:00,19861.357646415418,19869.62226808976,19855.87171017293,19865.57872331621,135.0,2026-01-08 03:15:00-06:00,2026-01-08,03:15:00,0.0002125271079620461,0.00015920900262076377,19894.84368709331,19881.66209777442,False,False,19843.42510973796,19869.62226808976,False,267
2026-01-08 09:30:00+00:00,19865.57872331621,19871.209489238332,19861.12388345046,19866.216587487143,216.0,2026-01-08 03:30:00-06:00,2026-01-08,03:30:00,3.210901528816201e-05,0.00017363722438081818,19894.84368709331,19881.66209777442,False,False,19853.840047710004,19871.209489238332,False,268
2026-01-08 09:45:00+00:00,19866.216587487143,19871.40606645027,19860.605938951936,19866.21760020424,113.0,2026-01-08 03:45:00-06:00,2026-01-08,03:45:00,5.09768476320005e-08,0.00024720746225188607,19894.84368709331,19881.66209777442,False,False,19855.87171017293,19871.40606645027,False,269
2026-01-08 10:00:00+00:00,19866.21760020424,19868.847478499618,19849.946615584326,19857.558903801724,107.0,2026-01-08 04:00:00-06:00,2026-01-08,04:00:00,-0.0004358502749122195,0.0001901815411312846,19894.84368709331,19881.66209777442,False,False,19861.12388345046,19868.847478499618,False,270
2026-01-08 10:15:00+00:00,19857.558903801724,19865.748149982013,19852.753062261963,19861.356834941806,212.0,2026-01-08 04:15:00-06:00,2026-01-08,04:15:00,0.0001912587120340703,-1.9449154644402e-05,19894.84368709331,19881.66209777442,False,False,19860.605938951936,19865.748149982013,False,271
2026-01-08 10:30:00+00:00,19861.356834941806,19868.860860977114,19857.00894267634,19860.189395760844,239.0,2026-01-08 04:30:00-06:00,2026-01-08,04:30:00,-5.8779427340338586e-05,1.91074439381822e-08,19894.84368709331,19881.66209777442,False,False,19849.946615584326,19868.860860977114,False,272
2026-01-08 10:45:00+00:00,19860.189395760844,19891.0924089102,19855.926159863546,19885.30741546801,226.0,2026-01-08 04:45:00-06:00,2026-01-08,04:45:00,0.001264742203945346,-5.424219961653875e-05,19894.84368709331,19881.66209777442,False,False,19852.753062261963,19891.0924089102,False,273
2026-01-08 11:00:00+00:00,19885.30741546801,19907.252713792335,19880.942773572453,19904.187674297715,207.0,2026-01-08 05:00:00-06:00,2026-01-08,05:00:00,0.0009494577295303674,0.00019228443811489804,19894.84368709331,19881.66209777442,True,False,19880.942773572453,19868.860860977114,False,274
2026-01-08 11:15:00+00:00,19904.187674297715,19912.850966742048,19901.40102213956,19908.81783292839,121.0,2026-01-08 05:15:00-06:00,2026-01-08,05:15:00,0.00023262233588439152,0.0003821657886514451,19894.84368709331,19881.66209777442,True,False,19901.40102213956,19891.0924089102,False,275
2026-01-08 11:30:00+00:00,19908.81783292839,19911.96745098637,19896.683917408725,19899.661146412054,235.0,2026-01-08 05:30:00-06:00,2026-01-08,05:30:00,-0.0004599312020019397,0.0005158603108107674,19894.84368709331,19881.66209777442,False,False,19880.942773572453,19911.96745098637,False,276
2026-01-08 11:45:00+00:00,19899.661146412054,19901.810085202847,19880.20483630789,19886.31220874825,193.0,2026-01-08 05:45:00-06:00,2026-01-08,05:45:00,-0.0006708123100985786,0.00038562232800356535,19894.84368709331,19881.66209777442,False,False,19901.40102213956,19901.810085202847,False,277
2026-01-08 12:00:00+00:00,19886.31220874825,19908.17068693634,19882.275342222998,19900.605924185318,109.0,2026-01-08 06:00:00-06:00,2026-01-08,06:00:00,0.0007187715493464086,0.0002632157514519173,19894.84368709331,19881.66209777442,False,False,19896.683917408725,19908.17068693634,False,278
2026-01-08 12:15:00+00:00,19900.605924185318,19908.448158856627,19892.876533834184,19903.758914887087,101.0,2026-01-08 06:15:00-06:00,2026-01-08,06:15:00,0.00015843691964856355,0.00015402162053212987,19894.84368709331,19881.66209777442,False,False,19880.20483630789,19908.448158856627,False,279
2026-01-08 12:30:00+00:00,19903.758914887087,19913.36584616231,19900.297334414936,19909.520635727786,228.0,2026-01-08 06:30:00-06:00,2026-01-08,06:30:00,0.00028947903083720306,-4.182541444230914e-06,19894.84368709331,19881.66209777442,False,False,19882.275342222998,19913.36584616231,False,280
2026-01-08 12:45:00+00:00,19909.520635727786,19915.111498877133,19885.992056853465,19888.585603884094,126.0,2026-01-08 06:45:00-06:00,2026-01-08,06:45:00,-0.0010515085835931526,7.188797546331394e-06,19894.84368709331,19881.66209777442,False,False,19892.876533834184,19915.111498877133,False,281
2026-01-08 13:00:00+00:00,19888.585603884094,19901.75875240055,19882.06457650609,19899.71486566279,210.0,2026-01-08 07:00:00-06:00,2026-01-08,07:00:00,0.0005595803542974842,-0.00011112667877191117,19894.84368709331,19881.66209777442,False,False,19900.297334414936,19901.75875240055,False,282
2026-01-08 13:15:00+00:00,19899.71486566279,19908.83604236097,19892.428649351285,19905.167909721364,103.0,2026-01-08 07:15:00-06:00,2026-01-08,07:15:00,0.00027402624084738036,0.00013495185410730137,19894.84368709331,19881.66209777442,False,False,19885.992056853465,19908.83604236097,False,283
2026-01-08 13:30:00+00:00,19905.167909721364,19911.386110515556,19888.17406136716,19891.84274150839,127.0,2026-01-08 07:30:00-06:00,2026-01-08,07:30:00,-0.0006694325952641966,4.600279240749572e-05,19894.84368709331,19881.66209777442,False,False,19882.06457650609,19911.386110515556,False,284
2026-01-08 13:45:00+00:00,19891.84274150839,19897.645360146806,19882.971915209117,19886.18444381899,128.0,2026-01-08 07:45:00-06:00,2026-01-08,07:45:00,-0.00028445316821212874,-0.00011957111057505631,19894.84368709331,19881.66209777442,False,False,19892.428649351285,19897.645360146806,False,285
2026-01-08 14:00:00+00:00,19886.18444381899,19897.239885956526,19883.069847009763,19889.34905027127,127.0,2026-01-08 08:00:00-06:00,2026-01-08,08:00:00,0.00015913592983207714,-0.00023435755038492267,19894.84368709331,19881.66209777442,False,False,19888.17406136716,19897.239885956526,False,286
2026-01-08 14:15:00+00:00,19889.34905027127,19895.70079810949,19884.21697646307,19889.978651851543,194.0,2026-01-08 08:15:00-06:00,2026-01-08,08:15:00,3.165521298265084e-05,7.771352300123269e-06,19894.84368709331,19881.66209777442,False,False,19882.971915209117,19895.70079810949,False,287
2026-01-08 14:30:00+00:00,19889.978651851543,19894.84368709331,19881.66209777442,19886.4725976219,235.0,2026-01-08 08:30:00-06:00,2026-01-08,08:30:00,-0.00017627239782458393,-9.78136759628434e-05,19894.84368709331,19881.66209777442,False,False,19883.069847009763,19894.84368709331,True,288
2026-01-08 14:45:00+00:00,19886.4725976219,19893.041193001005,19881.67409936598,19885.23073840511,234.0,2026-01-08 08:45:00-06:00,2026-01-08,08:45:00,-6.244743559702393e-05,-0.00018787340369723625,19894.84368709331,19881.66209777442,False,False,19884.21697646307,19893.041193001005,True,289
2026-01-08 15:00:00+00:00,19885.23073840511,19892.650705636894,19879.93597116469,19882.207009866626,206.0,2026-01-08 09:00:00-06:00,2026-01-08,09:00:00,-0.00015205901195014526,-6.647637176380173e-05,19894.84368709331,19881.66209777442,False,False,19881.66209777442,19892.650705636894,True,290
2026-01-08 15:15:00+00:00,19882.207009866626,19890.361935692166,19877.31806182467,19884.037760011855,114.0,2026-01-08 09:15:00-06:00,2026-01-08,09:15:00,9.20798251582422e-05,-3.9997540511405026e-05,19894.84368709331,19881.66209777442,False,False,19881.67409936598,19890.361935692166,True,291
2026-01-08 15:30:00+00:00,19884.037760011855,19909.47493102907,19876.281765926044,19901.695663687777,243.0,2026-01-08 09:30:00-06:00,2026-01-08,09:30:00,0.000888044163315449,-5.340876144617201e-05,19894.84368709331,19881.66209777442,False,False,19879.93597116469,19909.47493102907,True,292
2026-01-08 15:45:00+00:00,19901.695663687777,19908.387694712204,19864.980647192082,19870.895762396598,172.0,2026-01-08 09:45:00-06:00,2026-01-08,09:45:00,-0.0015476018632610833,0.00011786902862038761,19894.84368709331,19881.66209777442,False,False,19877.31806182467,19908.387694712204,True,293
2026-01-08 16:00:00+00:00,19870.895762396598,19878.09657102617,19863.08051988271,19868.053559222484,172.0,2026-01-08 10:00:00-06:00,2026-01-08,10:00:00,-0.00014303347006083822,-0.00015639686446691225,19894.84368709331,19881.66209777442,False,False,19876.281765926044,19878.09657102617,True,294
2026-01-08 16:15:00+00:00,19868.053559222484,19872.85633270605,19865.389406778308,19870.17170827895,199.0,2026-01-08 10:15:00-06:00,2026-01-08,10:15:00,0.00010661079859453082,-0.0001725140713596751,19894.84368709331,19881.66209777442,False,False,19864.980647192082,19872.85633270605,True,295
2026-01-08 16:30:00+00:00,19870.17170827895,19880.118117173162,19866.657090535653,19873.7236361552,210.0,2026-01-08 10:30:00-06:00,2026-01-08,10:30:00,0.00017875677816947544,-0.0001207801092507399,19894.84368709331,19881.66209777442,False,False,19863.08051988271,19880.118117173162,True,296
2026-01-08 16:45:00+00:00,19873.7236361552,19878.364168352364,19865.492017481894,19869.26066117934,241.0,2026-01-08 10:45:00-06:00,2026-01-08,10:45:00,-0.00022456662161374208,-0.00010344471864849325,19894.84368709331,19881.66209777442,False,False,19865.389406778308,19878.364168352364,False,297
2026-01-08 17:00:00+00:00,19869.26066117934,19874.579283993808,19841.591178473955,19848.179999789598,179.0,2026-01-08 11:00:00-06:00,2026-01-08,11:00:00,-0.0010609685860597518,-0.00032596687563433144,19894.84368709331,19881.66209777442,False,False,19866.657090535653,19874.579283993808,False,298
2026-01-08 17:15:00+00:00,19848.179999789598,19858.04056005106,19840.91973500601,19852.115945594167,183.0,2026-01-08 11:15:00-06:00,2026-01-08,11:15:00,0.00019830260530739885,-0.00022864022019406516,19894.84368709331,19881.66209777442,False,True,19865.492017481894,19858.04056005106,False,299
